,type,strategy,source,ticker,openPrice,closePrice,contractCost,commissionRate,transactionCost,contractReturn,netValue,ROI,openDate,closeDate,uniqueopenstr,uniqueclosestr
0,BUY/SELL,day_gainers,max_time,O:JPM230428C00140000,1.48,1.49,148.35,0.35,0.7,149.35,1.0,0.006740815638692282,2023-04-17 13:00:00,2023-04-20 13:00:00,"[Buy/Sell: B, Ticker: O:JPM230428C00140000, OpenPrice: 1.48, PositionID: [Symbol: JPM, Strategy: day_gainers, opendatetime: 2023-04-17 13:00]]","[Buy/Sell: S, Ticker: O:JPM230428C00140000, OpenPrice: 1.49, PositionID: [Symbol: JPM, Strategy: day_gainers, opendatetime: 2023-04-17 13:00]]"
1,BUY/SELL,day_gainers,max_time,O:ZIM230428C00022000,0.68,0.21,68.35,0.35,0.7,21.35,-46.99999999999999,-0.6876371616678858,2023-04-17 13:00:00,2023-04-20 12:45:00,"[Buy/Sell: B, Ticker: O:ZIM230428C00022000, OpenPrice: 0.68, PositionID: [Symbol: ZIM, Strategy: day_gainers, opendatetime: 2023-04-17 13:00]]","[Buy/Sell: S, Ticker: O:ZIM230428C00022000, OpenPrice: 0.21, PositionID: [Symbol: ZIM, Strategy: day_gainers, opendatetime: 2023-04-17 13:00]]"
2,BUY/SELL,day_gainers,max_time,O:C230428C00050000,0.52,0.37,52.35,0.35,0.7,37.35,-15.0,-0.28653295128939826,2023-04-17 13:00:00,2023-04-20 13:00:00,"[Buy/Sell: B, Ticker: O:C230428C00050000, OpenPrice: 0.52, PositionID: [Symbol: C, Strategy: day_gainers, opendatetime: 2023-04-17 13:00]]","[Buy/Sell: S, Ticker: O:C230428C00050000, OpenPrice: 0.37, PositionID: [Symbol: C, Strategy: day_gainers, opendatetime: 2023-04-17 13:00]]"
3,BUY/SELL,day_gainers,max_loss,O:STNE230428C00012000,0.25,0.05,25.35,0.35,0.7,5.35,-20.0,-0.7889546351084812,2023-04-17 14:00:00,2023-04-19 10:45:00,"[Buy/Sell: B, Ticker: O:STNE230428C00012000, OpenPrice: 0.25, PositionID: [Symbol: STNE, Strategy: day_gainers, opendatetime: 2023-04-17 14:00]]","[Buy/Sell: S, Ticker: O:STNE230428C00012000, OpenPrice: 0.05, PositionID: [Symbol: STNE, Strategy: day_gainers, opendatetime: 2023-04-17 14:00]]"
4,BUY/SELL,day_gainers,profit_target,O:MARA230428C00012000,0.8,1.38,80.35,0.35,0.7,138.35,58.0,0.7218419415059116,2023-04-17 13:00:00,2023-04-18 10:00:00,"[Buy/Sell: B, Ticker: O:MARA230428C00012000, OpenPrice: 0.8, PositionID: [Symbol: MARA, Strategy: day_gainers, opendatetime: 2023-04-17 13:00]]","[Buy/Sell: S, Ticker: O:MARA230428C00012000, OpenPrice: 1.38, PositionID: [Symbol: MARA, Strategy: day_gainers, opendatetime: 2023-04-17 13:00]]"
5,BUY/SELL,day_gainers,max_loss,O:XPEV230428C00011000,0.69,0.28,69.35,0.35,0.7,28.35,-40.99999999999999,-0.5912040374909877,2023-04-17 14:15:00,2023-04-19 09:30:00,"[Buy/Sell: B, Ticker: O:XPEV230428C00011000, OpenPrice: 0.69, PositionID: [Symbol: XPEV, Strategy: day_gainers, opendatetime: 2023-04-17 14:15]]","[Buy/Sell: S, Ticker: O:XPEV230428C00011000, OpenPrice: 0.28, PositionID: [Symbol: XPEV, Strategy: day_gainers, opendatetime: 2023-04-17 14:15]]"
6,BUY/SELL,day_gainers,max_loss,O:BTU230428C00030000,0.19,0.17,19.35,0.35,0.7,17.35,-2.0,-0.10335917312661498,2023-04-17 14:00:00,2023-04-18 10:45:00,"[Buy/Sell: B, Ticker: O:BTU230428C00030000, OpenPrice: 0.19, PositionID: [Symbol: BTU, Strategy: day_gainers, opendatetime: 2023-04-17 14:00]]","[Buy/Sell: S, Ticker: O:BTU230428C00030000, OpenPrice: 0.17, PositionID: [Symbol: BTU, Strategy: day_gainers, opendatetime: 2023-04-17 14:00]]"
7,BUY/SELL,day_gainers,max_time,O:TECK230428C00049000,1.49,0.8,149.35,0.35,0.7,80.35,-69.0,-0.4620020087043857,2023-04-18 09:30:00,2023-04-20 12:30:00,"[Buy/Sell: B, Ticker: O:TECK230428C00049000, OpenPrice: 1.49, PositionID: [Symbol: TECK, Strategy: day_gainers, opendatetime: 2023-04-18 09:30]]","[Buy/Sell: S, Ticker: O:TECK230428C00049000, OpenPrice: 0.8, PositionID: [Symbol: TECK, Strategy: day_gainers, opendatetime: 2023-04-18 09:30]]"
8,BUY/SELL,day_gainers,max_loss,O:IQ230428C00007000,0.43,0.21,43.35,0.35,0.7,21.35,-22.0,-0.5074971164936563,2023-04-18 09:30:00,2023-04-19 09:30:00,"[Buy/Sell: B, Ticker: O:IQ230428C00007000, OpenPrice: 0.43, PositionID: [Symbol: IQ, Strategy: day_gainers, opendatetime: 2023-04-18 09:30]]","[Buy/Sell: S, Ticker: O:IQ230428C00007000, OpenPrice: 0.21, PositionID: [Symbol: IQ, Strategy: day_gainers, opendatetime: 2023-04-18 09:30]]"
9,BUY/SELL,day_gainers,max_time,O:ENPH230428C00230000,10.62,9.78,1062.35,0.35,0.7,978.35,-83.99999999999989,-0.07906998635101416,2023-04-17 14:00:00,2023-04-20 14:00:00,"[Buy/Sell: B, Ticker: O:ENPH230428C00230000, OpenPrice: 10.62, PositionID: [Symbol: ENPH, Strategy: day_gainers, opendatetime: 2023-04-17 14:00]]","[Buy/Sell: S, Ticker: O:ENPH230428C00230000, OpenPrice: 9.78, PositionID: [Symbol: ENPH, Strategy: day_gainers, opendatetime: 2023-04-17 14:00]]"
10,BUY/SELL,day_gainers,max_loss,O:SPWR230428C00015000,0.48,0.19,48.35,0.35,0.7,19.35,-29.0,-0.5997931747673216,2023-04-17 15:15:00,2023-04-19 09:45:00,"[Buy/Sell: B, Ticker: O:SPWR230428C00015000, OpenPrice: 0.48, PositionID: [Symbol: SPWR, Strategy: day_gainers, opendatetime: 2023-04-17 15:15]]","[Buy/Sell: S, Ticker: O:SPWR230428C00015000, OpenPrice: 0.19, PositionID: [Symbol: SPWR, Strategy: day_gainers, opendatetime: 2023-04-17 15:15]]"
11,BUY/SELL,day_gainers,max_time,O:CRSP230428C00052000,3.62,1.05,362.35,0.35,0.7,105.35,-257.0,-0.7092590037256795,2023-04-18 09:30:00,2023-04-20 13:45:00,"[Buy/Sell: B, Ticker: O:CRSP230428C00052000, OpenPrice: 3.62, PositionID: [Symbol: CRSP, Strategy: day_gainers, opendatetime: 2023-04-18 09:30]]","[Buy/Sell: S, Ticker: O:CRSP230428C00052000, OpenPrice: 1.05, PositionID: [Symbol: CRSP, Strategy: day_gainers, opendatetime: 2023-04-18 09:30]]"
12,BUY/SELL,day_gainers,max_time,O:RUN230428C00020000,1.16,1.33,116.35,0.35,0.7,133.35,17.0,0.1461108723678556,2023-04-17 14:15:00,2023-04-20 13:15:00,"[Buy/Sell: B, Ticker: O:RUN230428C00020000, OpenPrice: 1.16, PositionID: [Symbol: RUN, Strategy: day_gainers, opendatetime: 2023-04-17 14:15]]","[Buy/Sell: S, Ticker: O:RUN230428C00020000, OpenPrice: 1.33, PositionID: [Symbol: RUN, Strategy: day_gainers, opendatetime: 2023-04-17 14:15]]"
13,BUY/SELL,day_gainers,max_time,O:CSIQ230428C00040000,1.75,1.45,175.35,0.35,0.7,145.35,-30.0,-0.1710863986313088,2023-04-18 09:45:00,2023-04-20 10:30:00,"[Buy/Sell: B, Ticker: O:CSIQ230428C00040000, OpenPrice: 1.75, PositionID: [Symbol: CSIQ, Strategy: day_gainers, opendatetime: 2023-04-18 09:45]]","[Buy/Sell: S, Ticker: O:CSIQ230428C00040000, OpenPrice: 1.45, PositionID: [Symbol: CSIQ, Strategy: day_gainers, opendatetime: 2023-04-18 09:45]]"
14,BUY/SELL,day_gainers,max_loss,O:RIVN230428C00014000,0.49,0.32,49.35,0.35,0.7,32.35,-17.0,-0.3444782168186423,2023-04-17 14:00:00,2023-04-19 09:30:00,"[Buy/Sell: B, Ticker: O:RIVN230428C00014000, OpenPrice: 0.49, PositionID: [Symbol: RIVN, Strategy: day_gainers, opendatetime: 2023-04-17 14:00]]","[Buy/Sell: S, Ticker: O:RIVN230428C00014000, OpenPrice: 0.32, PositionID: [Symbol: RIVN, Strategy: day_gainers, opendatetime: 2023-04-17 14:00]]"
15,BUY/SELL,day_gainers,max_time,O:LI230428C00030000,0.09,0.09,9.35,0.35,0.7,9.35,0.0,0.0,2023-04-17 14:45:00,2023-04-17 14:45:00,"[Buy/Sell: B, Ticker: O:LI230428C00030000, OpenPrice: 0.09, PositionID: [Symbol: LI, Strategy: day_gainers, opendatetime: 2023-04-17 14:45]]","[Buy/Sell: S, Ticker: O:LI230428C00030000, OpenPrice: 0.09, PositionID: [Symbol: LI, Strategy: day_gainers, opendatetime: 2023-04-17 14:45]]"
16,BUY/SELL,day_gainers,max_loss,O:XPEV230428C00011000,0.69,0.28,69.35,0.35,0.7,28.35,-40.99999999999999,-0.5912040374909877,2023-04-17 15:00:00,2023-04-19 09:30:00,"[Buy/Sell: B, Ticker: O:XPEV230428C00011000, OpenPrice: 0.69, PositionID: [Symbol: XPEV, Strategy: day_gainers, opendatetime: 2023-04-17 15:00]]","[Buy/Sell: S, Ticker: O:XPEV230428C00011000, OpenPrice: 0.28, PositionID: [Symbol: XPEV, Strategy: day_gainers, opendatetime: 2023-04-17 15:00]]"
17,BUY/SELL,day_gainers,max_time,O:ENPH230428C00230000,11.45,10.1,1145.35,0.35,0.7,1010.35,-134.9999999999999,-0.11786790064172514,2023-04-17 15:00:00,2023-04-20 15:00:00,"[Buy/Sell: B, Ticker: O:ENPH230428C00230000, OpenPrice: 11.45, PositionID: [Symbol: ENPH, Strategy: day_gainers, opendatetime: 2023-04-17 15:00]]","[Buy/Sell: S, Ticker: O:ENPH230428C00230000, OpenPrice: 10.1, PositionID: [Symbol: ENPH, Strategy: day_gainers, opendatetime: 2023-04-17 15:00]]"
18,BUY/SELL,day_gainers,max_loss,O:CRSP230428C00054000,2.65,1.1,265.35,0.35,0.7,110.35,-155.00000000000003,-0.5841341624269832,2023-04-17 15:15:00,2023-04-19 10:30:00,"[Buy/Sell: B, Ticker: O:CRSP230428C00054000, OpenPrice: 2.65, PositionID: [Symbol: CRSP, Strategy: day_gainers, opendatetime: 2023-04-17 15:15]]","[Buy/Sell: S, Ticker: O:CRSP230428C00054000, OpenPrice: 1.1, PositionID: [Symbol: CRSP, Strategy: day_gainers, opendatetime: 2023-04-17 15:15]]"
19,BUY/SELL,day_gainers,max_loss,O:NIO230428C00010000,0.32,0.15,32.35,0.35,0.7,15.35,-17.0,-0.5255023183925811,2023-04-17 15:00:00,2023-04-19 09:30:00,"[Buy/Sell: B, Ticker: O:NIO230428C00010000, OpenPrice: 0.32, PositionID: [Symbol: NIO, Strategy: day_gainers, opendatetime: 2023-04-17 15:00]]","[Buy/Sell: S, Ticker: O:NIO230428C00010000, OpenPrice: 0.15, PositionID: [Symbol: NIO, Strategy: day_gainers, opendatetime: 2023-04-17 15:00]]"
20,BUY/SELL,day_gainers,max_time,O:CSIQ230428C00041000,1.05,0.82,105.35,0.35,0.7,82.35,-23.0,-0.2183198860939725,2023-04-18 11:45:00,2023-04-20 14:00:00,"[Buy/Sell: B, Ticker: O:CSIQ230428C00041000, OpenPrice: 1.05, PositionID: [Symbol: CSIQ, Strategy: day_gainers, opendatetime: 2023-04-18 11:45]]","[Buy/Sell: S, Ticker: O:CSIQ230428C00041000, OpenPrice: 0.82, PositionID: [Symbol: CSIQ, Strategy: day_gainers, opendatetime: 2023-04-18 11:45]]"
21,BUY/SELL,day_gainers,max_loss,O:RUN230428C00021000,0.85,0.36,85.35,0.35,0.7,36.35,-48.99999999999999,-0.5741066198008201,2023-04-17 15:00:00,2023-04-19 11:00:00,"[Buy/Sell: B, Ticker: O:RUN230428C00021000, OpenPrice: 0.85, PositionID: [Symbol: RUN, Strategy: day_gainers, opendatetime: 2023-04-17 15:00]]","[Buy/Sell: S, Ticker: O:RUN230428C00021000, OpenPrice: 0.36, PositionID: [Symbol: RUN, Strategy: day_gainers, opendatetime: 2023-04-17 15:00]]"
22,BUY/SELL,day_gainers,max_loss,O:IQ230428C00007000,0.43,0.18,43.35,0.35,0.7,18.35,-25.0,-0.5767012687427913,2023-04-18 09:30:00,2023-04-20 11:00:00,"[Buy/Sell: B, Ticker: O:IQ230428C00007000, OpenPrice: 0.43, PositionID: [Symbol: IQ, Strategy: day_gainers, opendatetime: 2023-04-18 09:30]]","[Buy/Sell: S, Ticker: O:IQ230428C00007000, OpenPrice: 0.18, PositionID: [Symbol: IQ, Strategy: day_gainers, opendatetime: 2023-04-18 09:30]]"
23,BUY/SELL,day_gainers,max_loss,O:BTU230428C00030000,0.15,0.07,15.35,0.35,0.7,7.35,-8.0,-0.5211726384364821,2023-04-18 09:30:00,2023-04-20 11:00:00,"[Buy/Sell: B, Ticker: O:BTU230428C00030000, OpenPrice: 0.15, PositionID: [Symbol: BTU, Strategy: day_gainers, opendatetime: 2023-04-18 09:30]]","[Buy/Sell: S, Ticker: O:BTU230428C00030000, OpenPrice: 0.07, PositionID: [Symbol: BTU, Strategy: day_gainers, opendatetime: 2023-04-18 09:30]]"
24,BUY/SELL,day_gainers,max_loss,O:SPWR230428C00015000,0.48,0.19,48.35,0.35,0.7,19.35,-29.0,-0.5997931747673216,2023-04-17 15:15:00,2023-04-19 09:30:00,"[Buy/Sell: B, Ticker: O:SPWR230428C00015000, OpenPrice: 0.48, PositionID: [Symbol: SPWR, Strategy: day_gainers, opendatetime: 2023-04-17 15:15]]","[Buy/Sell: S, Ticker: O:SPWR230428C00015000, OpenPrice: 0.19, PositionID: [Symbol: SPWR, Strategy: day_gainers, opendatetime: 2023-04-17 15:15]]"
25,BUY/SELL,day_gainers,max_time,O:FSLR230428C00220000,9.05,6.41,905.35,0.35,0.7,641.35,-264.0,-0.29159993372728776,2023-04-17 15:00:00,2023-04-20 15:00:00,"[Buy/Sell: B, Ticker: O:FSLR230428C00220000, OpenPrice: 9.05, PositionID: [Symbol: FSLR, Strategy: day_gainers, opendatetime: 2023-04-17 15:00]]","[Buy/Sell: S, Ticker: O:FSLR230428C00220000, OpenPrice: 6.41, PositionID: [Symbol: FSLR, Strategy: day_gainers, opendatetime: 2023-04-17 15:00]]"
26,BUY/SELL,day_gainers,max_loss,O:XPEV230428C00011000,0.63,0.28,63.35,0.35,0.7,28.35,-35.0,-0.5524861878453039,2023-04-18 09:30:00,2023-04-19 09:30:00,"[Buy/Sell: B, Ticker: O:XPEV230428C00011000, OpenPrice: 0.63, PositionID: [Symbol: XPEV, Strategy: day_gainers, opendatetime: 2023-04-18 09:30]]","[Buy/Sell: S, Ticker: O:XPEV230428C00011000, OpenPrice: 0.28, PositionID: [Symbol: XPEV, Strategy: day_gainers, opendatetime: 2023-04-18 09:30]]"
27,BUY/SELL,day_gainers,max_time,O:ENPH230428C00230000,12.0,9.9,1200.35,0.35,0.7,990.35,-209.9999999999999,-0.17494897321614522,2023-04-18 09:30:00,2023-04-20 15:45:00,"[Buy/Sell: B, Ticker: O:ENPH230428C00230000, OpenPrice: 12.0, PositionID: [Symbol: ENPH, Strategy: day_gainers, opendatetime: 2023-04-18 09:30]]","[Buy/Sell: S, Ticker: O:ENPH230428C00230000, OpenPrice: 9.9, PositionID: [Symbol: ENPH, Strategy: day_gainers, opendatetime: 2023-04-18 09:30]]"
28,BUY/SELL,day_gainers,max_loss,O:CRSP230428C00054000,1.05,0.6,105.35,0.35,0.7,60.35,-44.99999999999999,-0.4271476032273374,2023-04-18 15:45:00,2023-04-20 11:45:00,"[Buy/Sell: B, Ticker: O:CRSP230428C00054000, OpenPrice: 1.05, PositionID: [Symbol: CRSP, Strategy: day_gainers, opendatetime: 2023-04-18 15:45]]","[Buy/Sell: S, Ticker: O:CRSP230428C00054000, OpenPrice: 0.6, PositionID: [Symbol: CRSP, Strategy: day_gainers, opendatetime: 2023-04-18 15:45]]"
29,BUY/SELL,day_gainers,max_time,O:CSIQ230428C00041000,1.05,0.82,105.35,0.35,0.7,82.35,-23.0,-0.2183198860939725,2023-04-18 11:45:00,2023-04-20 14:00:00,"[Buy/Sell: B, Ticker: O:CSIQ230428C00041000, OpenPrice: 1.05, PositionID: [Symbol: CSIQ, Strategy: day_gainers, opendatetime: 2023-04-18 11:45]]","[Buy/Sell: S, Ticker: O:CSIQ230428C00041000, OpenPrice: 0.82, PositionID: [Symbol: CSIQ, Strategy: day_gainers, opendatetime: 2023-04-18 11:45]]"
30,BUY/SELL,day_gainers,max_time,O:FSLR230428C00225000,5.88,4.65,588.35,0.35,0.7,465.35,-123.0,-0.20905923344947736,2023-04-18 09:45:00,2023-04-20 15:45:00,"[Buy/Sell: B, Ticker: O:FSLR230428C00225000, OpenPrice: 5.88, PositionID: [Symbol: FSLR, Strategy: day_gainers, opendatetime: 2023-04-18 09:45]]","[Buy/Sell: S, Ticker: O:FSLR230428C00225000, OpenPrice: 4.65, PositionID: [Symbol: FSLR, Strategy: day_gainers, opendatetime: 2023-04-18 09:45]]"
31,BUY/SELL,day_gainers,max_loss,O:RUN230428C00021000,0.99,0.37,99.35,0.35,0.7,37.35,-61.99999999999999,-0.6240563663814795,2023-04-18 09:30:00,2023-04-19 10:30:00,"[Buy/Sell: B, Ticker: O:RUN230428C00021000, OpenPrice: 0.99, PositionID: [Symbol: RUN, Strategy: day_gainers, opendatetime: 2023-04-18 09:30]]","[Buy/Sell: S, Ticker: O:RUN230428C00021000, OpenPrice: 0.37, PositionID: [Symbol: RUN, Strategy: day_gainers, opendatetime: 2023-04-18 09:30]]"
32,BUY/SELL,day_gainers,max_loss,O:NIO230428C00010000,0.31,0.15,31.35,0.35,0.7,15.35,-16.0,-0.5103668261562998,2023-04-18 09:30:00,2023-04-19 09:30:00,"[Buy/Sell: B, Ticker: O:NIO230428C00010000, OpenPrice: 0.31, PositionID: [Symbol: NIO, Strategy: day_gainers, opendatetime: 2023-04-18 09:30]]","[Buy/Sell: S, Ticker: O:NIO230428C00010000, OpenPrice: 0.15, PositionID: [Symbol: NIO, Strategy: day_gainers, opendatetime: 2023-04-18 09:30]]"
33,BUY/SELL,day_gainers,max_loss,O:SPWR230428C00015000,0.45,0.19,45.35,0.35,0.7,19.35,-26.0,-0.5733186328555678,2023-04-18 10:15:00,2023-04-19 09:30:00,"[Buy/Sell: B, Ticker: O:SPWR230428C00015000, OpenPrice: 0.45, PositionID: [Symbol: SPWR, Strategy: day_gainers, opendatetime: 2023-04-18 10:15]]","[Buy/Sell: S, Ticker: O:SPWR230428C00015000, OpenPrice: 0.19, PositionID: [Symbol: SPWR, Strategy: day_gainers, opendatetime: 2023-04-18 10:15]]"
34,BUY/SELL,day_gainers,max_loss,O:XPEV230428C00011000,0.63,0.28,63.35,0.35,0.7,28.35,-35.0,-0.5524861878453039,2023-04-18 09:30:00,2023-04-19 09:30:00,"[Buy/Sell: B, Ticker: O:XPEV230428C00011000, OpenPrice: 0.63, PositionID: [Symbol: XPEV, Strategy: day_gainers, opendatetime: 2023-04-18 09:30]]","[Buy/Sell: S, Ticker: O:XPEV230428C00011000, OpenPrice: 0.28, PositionID: [Symbol: XPEV, Strategy: day_gainers, opendatetime: 2023-04-18 09:30]]"
35,BUY/SELL,day_gainers,max_time,O:ENPH230428C00225000,14.4,12.0,1440.35,0.35,0.7,1200.35,-240.0,-0.1666261672510154,2023-04-18 09:30:00,2023-04-20 15:45:00,"[Buy/Sell: B, Ticker: O:ENPH230428C00225000, OpenPrice: 14.4, PositionID: [Symbol: ENPH, Strategy: day_gainers, opendatetime: 2023-04-18 09:30]]","[Buy/Sell: S, Ticker: O:ENPH230428C00225000, OpenPrice: 12.0, PositionID: [Symbol: ENPH, Strategy: day_gainers, opendatetime: 2023-04-18 09:30]]"
36,BUY/SELL,day_gainers,max_loss,O:CRSP230428C00054000,1.05,0.6,105.35,0.35,0.7,60.35,-44.99999999999999,-0.4271476032273374,2023-04-18 15:45:00,2023-04-20 11:45:00,"[Buy/Sell: B, Ticker: O:CRSP230428C00054000, OpenPrice: 1.05, PositionID: [Symbol: CRSP, Strategy: day_gainers, opendatetime: 2023-04-18 15:45]]","[Buy/Sell: S, Ticker: O:CRSP230428C00054000, OpenPrice: 0.6, PositionID: [Symbol: CRSP, Strategy: day_gainers, opendatetime: 2023-04-18 15:45]]"
37,BUY/SELL,day_gainers,max_loss,O:IQ230428C00007000,0.43,0.18,43.35,0.35,0.7,18.35,-25.0,-0.5767012687427913,2023-04-18 09:30:00,2023-04-20 10:15:00,"[Buy/Sell: B, Ticker: O:IQ230428C00007000, OpenPrice: 0.43, PositionID: [Symbol: IQ, Strategy: day_gainers, opendatetime: 2023-04-18 09:30]]","[Buy/Sell: S, Ticker: O:IQ230428C00007000, OpenPrice: 0.18, PositionID: [Symbol: IQ, Strategy: day_gainers, opendatetime: 2023-04-18 09:30]]"
38,BUY/SELL,day_gainers,max_time,O:CSIQ230428C00041000,1.05,0.82,105.35,0.35,0.7,82.35,-23.0,-0.2183198860939725,2023-04-18 11:45:00,2023-04-20 14:00:00,"[Buy/Sell: B, Ticker: O:CSIQ230428C00041000, OpenPrice: 1.05, PositionID: [Symbol: CSIQ, Strategy: day_gainers, opendatetime: 2023-04-18 11:45]]","[Buy/Sell: S, Ticker: O:CSIQ230428C00041000, OpenPrice: 0.82, PositionID: [Symbol: CSIQ, Strategy: day_gainers, opendatetime: 2023-04-18 11:45]]"
39,BUY/SELL,day_gainers,max_loss,O:NIO230428C00010000,0.31,0.15,31.35,0.35,0.7,15.35,-16.0,-0.5103668261562998,2023-04-18 09:30:00,2023-04-19 09:30:00,"[Buy/Sell: B, Ticker: O:NIO230428C00010000, OpenPrice: 0.31, PositionID: [Symbol: NIO, Strategy: day_gainers, opendatetime: 2023-04-18 09:30]]","[Buy/Sell: S, Ticker: O:NIO230428C00010000, OpenPrice: 0.15, PositionID: [Symbol: NIO, Strategy: day_gainers, opendatetime: 2023-04-18 09:30]]"
40,BUY/SELL,day_gainers,max_time,O:TECK230428C00048000,2.0,0.82,200.35,0.35,0.7,82.35,-118.0,-0.5889693037184927,2023-04-18 11:30:00,2023-04-20 15:45:00,"[Buy/Sell: B, Ticker: O:TECK230428C00048000, OpenPrice: 2.0, PositionID: [Symbol: TECK, Strategy: day_gainers, opendatetime: 2023-04-18 11:30]]","[Buy/Sell: S, Ticker: O:TECK230428C00048000, OpenPrice: 0.82, PositionID: [Symbol: TECK, Strategy: day_gainers, opendatetime: 2023-04-18 11:30]]"
41,BUY/SELL,day_gainers,max_loss,O:XPEV230428C00011000,0.63,0.28,63.35,0.35,0.7,28.35,-35.0,-0.5524861878453039,2023-04-18 09:30:00,2023-04-19 09:30:00,"[Buy/Sell: B, Ticker: O:XPEV230428C00011000, OpenPrice: 0.63, PositionID: [Symbol: XPEV, Strategy: day_gainers, opendatetime: 2023-04-18 09:30]]","[Buy/Sell: S, Ticker: O:XPEV230428C00011000, OpenPrice: 0.28, PositionID: [Symbol: XPEV, Strategy: day_gainers, opendatetime: 2023-04-18 09:30]]"
42,BUY/SELL,day_gainers,max_loss,O:CRSP230428C00054000,1.05,0.72,105.35,0.35,0.7,72.35,-33.0,-0.31324157570004746,2023-04-18 15:45:00,2023-04-20 11:30:00,"[Buy/Sell: B, Ticker: O:CRSP230428C00054000, OpenPrice: 1.05, PositionID: [Symbol: CRSP, Strategy: day_gainers, opendatetime: 2023-04-18 15:45]]","[Buy/Sell: S, Ticker: O:CRSP230428C00054000, OpenPrice: 0.72, PositionID: [Symbol: CRSP, Strategy: day_gainers, opendatetime: 2023-04-18 15:45]]"
43,BUY/SELL,day_gainers,max_time,O:TAL230428C00007000,0.3,0.27,30.35,0.35,0.7,27.35,-3.0,-0.09884678747940691,2023-04-18 09:30:00,2023-04-20 12:45:00,"[Buy/Sell: B, Ticker: O:TAL230428C00007000, OpenPrice: 0.3, PositionID: [Symbol: TAL, Strategy: day_gainers, opendatetime: 2023-04-18 09:30]]","[Buy/Sell: S, Ticker: O:TAL230428C00007000, OpenPrice: 0.27, PositionID: [Symbol: TAL, Strategy: day_gainers, opendatetime: 2023-04-18 09:30]]"
44,BUY/SELL,day_gainers,max_time,O:TECK230428C00048000,2.0,0.82,200.35,0.35,0.7,82.35,-118.0,-0.5889693037184927,2023-04-18 11:30:00,2023-04-20 15:45:00,"[Buy/Sell: B, Ticker: O:TECK230428C00048000, OpenPrice: 2.0, PositionID: [Symbol: TECK, Strategy: day_gainers, opendatetime: 2023-04-18 11:30]]","[Buy/Sell: S, Ticker: O:TECK230428C00048000, OpenPrice: 0.82, PositionID: [Symbol: TECK, Strategy: day_gainers, opendatetime: 2023-04-18 11:30]]"
45,BUY/SELL,day_gainers,max_time,O:ENPH230428C00225000,14.4,12.0,1440.35,0.35,0.7,1200.35,-240.0,-0.1666261672510154,2023-04-18 09:30:00,2023-04-20 15:45:00,"[Buy/Sell: B, Ticker: O:ENPH230428C00225000, OpenPrice: 14.4, PositionID: [Symbol: ENPH, Strategy: day_gainers, opendatetime: 2023-04-18 09:30]]","[Buy/Sell: S, Ticker: O:ENPH230428C00225000, OpenPrice: 12.0, PositionID: [Symbol: ENPH, Strategy: day_gainers, opendatetime: 2023-04-18 09:30]]"
46,BUY/SELL,day_gainers,max_loss,O:IQ230428C00007000,0.43,0.19,43.35,0.35,0.7,19.35,-24.0,-0.5536332179930795,2023-04-18 09:30:00,2023-04-19 09:45:00,"[Buy/Sell: B, Ticker: O:IQ230428C00007000, OpenPrice: 0.43, PositionID: [Symbol: IQ, Strategy: day_gainers, opendatetime: 2023-04-18 09:30]]","[Buy/Sell: S, Ticker: O:IQ230428C00007000, OpenPrice: 0.19, PositionID: [Symbol: IQ, Strategy: day_gainers, opendatetime: 2023-04-18 09:30]]"
47,BUY/SELL,day_gainers,max_loss,O:XPEV230428C00011000,0.63,0.28,63.35,0.35,0.7,28.35,-35.0,-0.5524861878453039,2023-04-18 09:30:00,2023-04-19 09:30:00,"[Buy/Sell: B, Ticker: O:XPEV230428C00011000, OpenPrice: 0.63, PositionID: [Symbol: XPEV, Strategy: day_gainers, opendatetime: 2023-04-18 09:30]]","[Buy/Sell: S, Ticker: O:XPEV230428C00011000, OpenPrice: 0.28, PositionID: [Symbol: XPEV, Strategy: day_gainers, opendatetime: 2023-04-18 09:30]]"
48,BUY/SELL,day_gainers,max_loss,O:CRSP230428C00055000,1.45,0.59,145.35,0.35,0.7,59.35,-86.0,-0.5916752665978673,2023-04-18 09:45:00,2023-04-19 09:30:00,"[Buy/Sell: B, Ticker: O:CRSP230428C00055000, OpenPrice: 1.45, PositionID: [Symbol: CRSP, Strategy: day_gainers, opendatetime: 2023-04-18 09:45]]","[Buy/Sell: S, Ticker: O:CRSP230428C00055000, OpenPrice: 0.59, PositionID: [Symbol: CRSP, Strategy: day_gainers, opendatetime: 2023-04-18 09:45]]"
49,BUY/SELL,day_gainers,max_time,O:ENPH230428C00225000,14.4,12.0,1440.35,0.35,0.7,1200.35,-240.0,-0.1666261672510154,2023-04-18 09:30:00,2023-04-20 15:45:00,"[Buy/Sell: B, Ticker: O:ENPH230428C00225000, OpenPrice: 14.4, PositionID: [Symbol: ENPH, Strategy: day_gainers, opendatetime: 2023-04-18 09:30]]","[Buy/Sell: S, Ticker: O:ENPH230428C00225000, OpenPrice: 12.0, PositionID: [Symbol: ENPH, Strategy: day_gainers, opendatetime: 2023-04-18 09:30]]"
50,BUY/SELL,day_gainers,max_time,O:TECK230428C00048000,2.0,0.82,200.35,0.35,0.7,82.35,-118.0,-0.5889693037184927,2023-04-18 11:30:00,2023-04-20 15:45:00,"[Buy/Sell: B, Ticker: O:TECK230428C00048000, OpenPrice: 2.0, PositionID: [Symbol: TECK, Strategy: day_gainers, opendatetime: 2023-04-18 11:30]]","[Buy/Sell: S, Ticker: O:TECK230428C00048000, OpenPrice: 0.82, PositionID: [Symbol: TECK, Strategy: day_gainers, opendatetime: 2023-04-18 11:30]]"
51,BUY/SELL,day_gainers,max_time,O:BEKE230428C00018000,0.52,0.53,52.35,0.35,0.7,53.35,1.0,0.019102196752626553,2023-04-20 11:45:00,2023-04-20 12:00:00,"[Buy/Sell: B, Ticker: O:BEKE230428C00018000, OpenPrice: 0.52, PositionID: [Symbol: BEKE, Strategy: day_gainers, opendatetime: 2023-04-20 11:45]]","[Buy/Sell: S, Ticker: O:BEKE230428C00018000, OpenPrice: 0.53, PositionID: [Symbol: BEKE, Strategy: day_gainers, opendatetime: 2023-04-20 11:45]]"
52,BUY/SELL,day_gainers,max_time,O:TAL230428C00007000,0.3,0.27,30.35,0.35,0.7,27.35,-3.0,-0.09884678747940691,2023-04-18 09:30:00,2023-04-20 12:45:00,"[Buy/Sell: B, Ticker: O:TAL230428C00007000, OpenPrice: 0.3, PositionID: [Symbol: TAL, Strategy: day_gainers, opendatetime: 2023-04-18 09:30]]","[Buy/Sell: S, Ticker: O:TAL230428C00007000, OpenPrice: 0.27, PositionID: [Symbol: TAL, Strategy: day_gainers, opendatetime: 2023-04-18 09:30]]"
53,BUY/SELL,day_gainers,max_loss,O:XPEV230428C00011000,0.63,0.28,63.35,0.35,0.7,28.35,-35.0,-0.5524861878453039,2023-04-18 09:30:00,2023-04-19 09:30:00,"[Buy/Sell: B, Ticker: O:XPEV230428C00011000, OpenPrice: 0.63, PositionID: [Symbol: XPEV, Strategy: day_gainers, opendatetime: 2023-04-18 09:30]]","[Buy/Sell: S, Ticker: O:XPEV230428C00011000, OpenPrice: 0.28, PositionID: [Symbol: XPEV, Strategy: day_gainers, opendatetime: 2023-04-18 09:30]]"
54,BUY/SELL,day_gainers,max_loss,O:CRSP230428C00054000,1.05,1.1,105.35,0.35,0.7,110.35,5.0,0.0474608448030375,2023-04-18 15:45:00,2023-04-19 10:30:00,"[Buy/Sell: B, Ticker: O:CRSP230428C00054000, OpenPrice: 1.05, PositionID: [Symbol: CRSP, Strategy: day_gainers, opendatetime: 2023-04-18 15:45]]","[Buy/Sell: S, Ticker: O:CRSP230428C00054000, OpenPrice: 1.1, PositionID: [Symbol: CRSP, Strategy: day_gainers, opendatetime: 2023-04-18 15:45]]"
55,BUY/SELL,day_gainers,max_time,O:ENPH230428C00225000,14.4,12.0,1440.35,0.35,0.7,1200.35,-240.0,-0.1666261672510154,2023-04-18 09:30:00,2023-04-20 15:45:00,"[Buy/Sell: B, Ticker: O:ENPH230428C00225000, OpenPrice: 14.4, PositionID: [Symbol: ENPH, Strategy: day_gainers, opendatetime: 2023-04-18 09:30]]","[Buy/Sell: S, Ticker: O:ENPH230428C00225000, OpenPrice: 12.0, PositionID: [Symbol: ENPH, Strategy: day_gainers, opendatetime: 2023-04-18 09:30]]"
56,BUY/SELL,day_gainers,max_time,O:TECK230428C00049000,1.49,0.61,149.35,0.35,0.7,61.35,-88.0,-0.589219953130231,2023-04-18 09:30:00,2023-04-20 14:30:00,"[Buy/Sell: B, Ticker: O:TECK230428C00049000, OpenPrice: 1.49, PositionID: [Symbol: TECK, Strategy: day_gainers, opendatetime: 2023-04-18 09:30]]","[Buy/Sell: S, Ticker: O:TECK230428C00049000, OpenPrice: 0.61, PositionID: [Symbol: TECK, Strategy: day_gainers, opendatetime: 2023-04-18 09:30]]"
57,BUY/SELL,day_gainers,max_loss,O:XPEV230428C00011000,0.63,0.28,63.35,0.35,0.7,28.35,-35.0,-0.5524861878453039,2023-04-18 09:30:00,2023-04-19 09:30:00,"[Buy/Sell: B, Ticker: O:XPEV230428C00011000, OpenPrice: 0.63, PositionID: [Symbol: XPEV, Strategy: day_gainers, opendatetime: 2023-04-18 09:30]]","[Buy/Sell: S, Ticker: O:XPEV230428C00011000, OpenPrice: 0.28, PositionID: [Symbol: XPEV, Strategy: day_gainers, opendatetime: 2023-04-18 09:30]]"
58,BUY/SELL,day_gainers,max_loss,O:CRSP230428C00054000,1.05,1.1,105.35,0.35,0.7,110.35,5.0,0.0474608448030375,2023-04-18 15:45:00,2023-04-19 10:30:00,"[Buy/Sell: B, Ticker: O:CRSP230428C00054000, OpenPrice: 1.05, PositionID: [Symbol: CRSP, Strategy: day_gainers, opendatetime: 2023-04-18 15:45]]","[Buy/Sell: S, Ticker: O:CRSP230428C00054000, OpenPrice: 1.1, PositionID: [Symbol: CRSP, Strategy: day_gainers, opendatetime: 2023-04-18 15:45]]"
59,BUY/SELL,day_gainers,max_time,O:ENPH230428C00225000,14.4,12.0,1440.35,0.35,0.7,1200.35,-240.0,-0.1666261672510154,2023-04-18 09:30:00,2023-04-20 15:45:00,"[Buy/Sell: B, Ticker: O:ENPH230428C00225000, OpenPrice: 14.4, PositionID: [Symbol: ENPH, Strategy: day_gainers, opendatetime: 2023-04-18 09:30]]","[Buy/Sell: S, Ticker: O:ENPH230428C00225000, OpenPrice: 12.0, PositionID: [Symbol: ENPH, Strategy: day_gainers, opendatetime: 2023-04-18 09:30]]"
60,BUY/SELL,day_gainers,max_time,O:TECK230428C00049000,1.49,0.61,149.35,0.35,0.7,61.35,-88.0,-0.589219953130231,2023-04-18 09:30:00,2023-04-20 14:30:00,"[Buy/Sell: B, Ticker: O:TECK230428C00049000, OpenPrice: 1.49, PositionID: [Symbol: TECK, Strategy: day_gainers, opendatetime: 2023-04-18 09:30]]","[Buy/Sell: S, Ticker: O:TECK230428C00049000, OpenPrice: 0.61, PositionID: [Symbol: TECK, Strategy: day_gainers, opendatetime: 2023-04-18 09:30]]"
61,BUY/SELL,day_losers,max_time,O:TEVA230428C00008000,0.57,0.57,57.35,0.35,0.7,57.35,0.0,0.0,2023-04-19 10:30:00,2023-04-19 10:30:00,"[Buy/Sell: B, Ticker: O:TEVA230428C00008000, OpenPrice: 0.57, PositionID: [Symbol: TEVA, Strategy: day_losers, opendatetime: 2023-04-19 10:30]]","[Buy/Sell: S, Ticker: O:TEVA230428C00008000, OpenPrice: 0.57, PositionID: [Symbol: TEVA, Strategy: day_losers, opendatetime: 2023-04-19 10:30]]"
62,BUY/SELL,day_losers,max_loss,O:RIVN230428C00013000,0.93,0.32,93.35,0.35,0.7,32.35,-60.99999999999999,-0.6534547402249598,2023-04-18 09:30:00,2023-04-20 09:30:00,"[Buy/Sell: B, Ticker: O:RIVN230428C00013000, OpenPrice: 0.93, PositionID: [Symbol: RIVN, Strategy: day_losers, opendatetime: 2023-04-18 09:30]]","[Buy/Sell: S, Ticker: O:RIVN230428C00013000, OpenPrice: 0.32, PositionID: [Symbol: RIVN, Strategy: day_losers, opendatetime: 2023-04-18 09:30]]"
63,BUY/SELL,day_losers,max_loss,O:LCID230428C00008000,0.29,0.1,29.35,0.35,0.7,10.35,-19.0,-0.6473594548551959,2023-04-17 13:00:00,2023-04-20 09:30:00,"[Buy/Sell: B, Ticker: O:LCID230428C00008000, OpenPrice: 0.29, PositionID: [Symbol: LCID, Strategy: day_losers, opendatetime: 2023-04-17 13:00]]","[Buy/Sell: S, Ticker: O:LCID230428C00008000, OpenPrice: 0.1, PositionID: [Symbol: LCID, Strategy: day_losers, opendatetime: 2023-04-17 13:00]]"
64,BUY/SELL,day_losers,max_time,O:AMC230428C00005000,0.35,0.18,35.35,0.35,0.7,18.35,-17.0,-0.4809052333804809,2023-04-17 13:00:00,2023-04-20 13:00:00,"[Buy/Sell: B, Ticker: O:AMC230428C00005000, OpenPrice: 0.35, PositionID: [Symbol: AMC, Strategy: day_losers, opendatetime: 2023-04-17 13:00]]","[Buy/Sell: S, Ticker: O:AMC230428C00005000, OpenPrice: 0.18, PositionID: [Symbol: AMC, Strategy: day_losers, opendatetime: 2023-04-17 13:00]]"
65,BUY/SELL,day_losers,max_time,O:DISH230428C00008000,0.55,0.21,55.35,0.35,0.7,21.35,-34.0,-0.6142728093947606,2023-04-17 15:00:00,2023-04-20 13:00:00,"[Buy/Sell: B, Ticker: O:DISH230428C00008000, OpenPrice: 0.55, PositionID: [Symbol: DISH, Strategy: day_losers, opendatetime: 2023-04-17 15:00]]","[Buy/Sell: S, Ticker: O:DISH230428C00008000, OpenPrice: 0.21, PositionID: [Symbol: DISH, Strategy: day_losers, opendatetime: 2023-04-17 15:00]]"
66,BUY/SELL,day_losers,max_time,O:BA230428C00205000,5.3,6.66,530.35,0.35,0.7,666.35,136.0,0.25643443009333455,2023-04-17 13:00:00,2023-04-20 13:00:00,"[Buy/Sell: B, Ticker: O:BA230428C00205000, OpenPrice: 5.3, PositionID: [Symbol: BA, Strategy: day_losers, opendatetime: 2023-04-17 13:00]]","[Buy/Sell: S, Ticker: O:BA230428C00205000, OpenPrice: 6.66, PositionID: [Symbol: BA, Strategy: day_losers, opendatetime: 2023-04-17 13:00]]"
67,BUY/SELL,day_losers,max_time,O:AG230428C00007000,0.43,0.34,43.35,0.35,0.7,34.35,-9.0,-0.20761245674740483,2023-04-17 13:15:00,2023-04-20 13:00:00,"[Buy/Sell: B, Ticker: O:AG230428C00007000, OpenPrice: 0.43, PositionID: [Symbol: AG, Strategy: day_losers, opendatetime: 2023-04-17 13:15]]","[Buy/Sell: S, Ticker: O:AG230428C00007000, OpenPrice: 0.34, PositionID: [Symbol: AG, Strategy: day_losers, opendatetime: 2023-04-17 13:15]]"
68,BUY/SELL,day_losers,max_time,O:PTON230428C00010000,0.36,0.15,36.35,0.35,0.7,15.35,-21.0,-0.577716643741403,2023-04-17 14:45:00,2023-04-20 12:45:00,"[Buy/Sell: B, Ticker: O:PTON230428C00010000, OpenPrice: 0.36, PositionID: [Symbol: PTON, Strategy: day_losers, opendatetime: 2023-04-17 14:45]]","[Buy/Sell: S, Ticker: O:PTON230428C00010000, OpenPrice: 0.15, PositionID: [Symbol: PTON, Strategy: day_losers, opendatetime: 2023-04-17 14:45]]"
69,BUY/SELL,day_losers,max_time,O:RBLX230428C00040000,1.6,2.5,160.35,0.35,0.7,250.35,90.0,0.5612722170252573,2023-04-17 14:00:00,2023-04-20 13:00:00,"[Buy/Sell: B, Ticker: O:RBLX230428C00040000, OpenPrice: 1.6, PositionID: [Symbol: RBLX, Strategy: day_losers, opendatetime: 2023-04-17 14:00]]","[Buy/Sell: S, Ticker: O:RBLX230428C00040000, OpenPrice: 2.5, PositionID: [Symbol: RBLX, Strategy: day_losers, opendatetime: 2023-04-17 14:00]]"
70,BUY/SELL,day_losers,max_time,O:MANU230428C00020000,1.8,2.19,180.35,0.35,0.7,219.35,39.0,0.21624618796784031,2023-04-17 15:00:00,2023-04-18 15:00:00,"[Buy/Sell: B, Ticker: O:MANU230428C00020000, OpenPrice: 1.8, PositionID: [Symbol: MANU, Strategy: day_losers, opendatetime: 2023-04-17 15:00]]","[Buy/Sell: S, Ticker: O:MANU230428C00020000, OpenPrice: 2.19, PositionID: [Symbol: MANU, Strategy: day_losers, opendatetime: 2023-04-17 15:00]]"
71,BUY/SELL,day_losers,profit_target,O:RIOT230428C00012000,1.46,1.56,146.35,0.35,0.7,156.35,10.0,0.0683293474547318,2023-04-17 14:15:00,2023-04-17 15:45:00,"[Buy/Sell: B, Ticker: O:RIOT230428C00012000, OpenPrice: 1.46, PositionID: [Symbol: RIOT, Strategy: day_losers, opendatetime: 2023-04-17 14:15]]","[Buy/Sell: S, Ticker: O:RIOT230428C00012000, OpenPrice: 1.56, PositionID: [Symbol: RIOT, Strategy: day_losers, opendatetime: 2023-04-17 14:15]]"
72,BUY/SELL,day_losers,max_time,O:MRNA230428C00150000,2.7,1.16,270.35,0.35,0.7,116.35,-154.00000000000003,-0.5696319585722213,2023-04-17 14:00:00,2023-04-20 14:00:00,"[Buy/Sell: B, Ticker: O:MRNA230428C00150000, OpenPrice: 2.7, PositionID: [Symbol: MRNA, Strategy: day_losers, opendatetime: 2023-04-17 14:00]]","[Buy/Sell: S, Ticker: O:MRNA230428C00150000, OpenPrice: 1.16, PositionID: [Symbol: MRNA, Strategy: day_losers, opendatetime: 2023-04-17 14:00]]"
73,BUY/SELL,day_losers,profit_target,O:COIN230428C00066000,4.55,6.35,455.35,0.35,0.7,635.35,180.0,0.3953003184363676,2023-04-17 14:00:00,2023-04-18 09:30:00,"[Buy/Sell: B, Ticker: O:COIN230428C00066000, OpenPrice: 4.55, PositionID: [Symbol: COIN, Strategy: day_losers, opendatetime: 2023-04-17 14:00]]","[Buy/Sell: S, Ticker: O:COIN230428C00066000, OpenPrice: 6.35, PositionID: [Symbol: COIN, Strategy: day_losers, opendatetime: 2023-04-17 14:00]]"
74,BUY/SELL,day_losers,max_time,O:ASML230428C00635000,16.1,13.5,1610.35,0.35,0.7,1350.35,-260.0,-0.1614555841897724,2023-04-17 14:15:00,2023-04-20 13:45:00,"[Buy/Sell: B, Ticker: O:ASML230428C00635000, OpenPrice: 16.1, PositionID: [Symbol: ASML, Strategy: day_losers, opendatetime: 2023-04-17 14:15]]","[Buy/Sell: S, Ticker: O:ASML230428C00635000, OpenPrice: 13.5, PositionID: [Symbol: ASML, Strategy: day_losers, opendatetime: 2023-04-17 14:15]]"
75,BUY/SELL,day_losers,max_loss,O:MSTR230428C00320000,14.6,7.0,1460.35,0.35,0.7,700.35,-759.9999999999999,-0.5204231862224808,2023-04-17 14:00:00,2023-04-20 11:15:00,"[Buy/Sell: B, Ticker: O:MSTR230428C00320000, OpenPrice: 14.6, PositionID: [Symbol: MSTR, Strategy: day_losers, opendatetime: 2023-04-17 14:00]]","[Buy/Sell: S, Ticker: O:MSTR230428C00320000, OpenPrice: 7.0, PositionID: [Symbol: MSTR, Strategy: day_losers, opendatetime: 2023-04-17 14:00]]"
76,BUY/SELL,day_losers,max_time,O:CS230428C00001000,0.02,0.01,2.35,0.35,0.7,1.35,-1.0,-0.425531914893617,2023-04-17 14:00:00,2023-04-20 13:15:00,"[Buy/Sell: B, Ticker: O:CS230428C00001000, OpenPrice: 0.02, PositionID: [Symbol: CS, Strategy: day_losers, opendatetime: 2023-04-17 14:00]]","[Buy/Sell: S, Ticker: O:CS230428C00001000, OpenPrice: 0.01, PositionID: [Symbol: CS, Strategy: day_losers, opendatetime: 2023-04-17 14:00]]"
77,BUY/SELL,day_losers,max_time,O:GOOGL230428C00110000,1.76,1.53,176.35,0.35,0.7,153.35,-23.0,-0.1304224553444854,2023-04-17 14:00:00,2023-04-20 14:00:00,"[Buy/Sell: B, Ticker: O:GOOGL230428C00110000, OpenPrice: 1.76, PositionID: [Symbol: GOOGL, Strategy: day_losers, opendatetime: 2023-04-17 14:00]]","[Buy/Sell: S, Ticker: O:GOOGL230428C00110000, OpenPrice: 1.53, PositionID: [Symbol: GOOGL, Strategy: day_losers, opendatetime: 2023-04-17 14:00]]"
78,BUY/SELL,day_losers,profit_target,O:RBLX230428C00039000,2.25,2.87,225.35,0.35,0.7,287.35,62.00000000000003,0.27512757932105625,2023-04-17 15:00:00,2023-04-19 12:30:00,"[Buy/Sell: B, Ticker: O:RBLX230428C00039000, OpenPrice: 2.25, PositionID: [Symbol: RBLX, Strategy: day_losers, opendatetime: 2023-04-17 15:00]]","[Buy/Sell: S, Ticker: O:RBLX230428C00039000, OpenPrice: 2.87, PositionID: [Symbol: RBLX, Strategy: day_losers, opendatetime: 2023-04-17 15:00]]"
79,BUY/SELL,day_losers,max_time,O:MRNA230428C00145000,4.15,2.19,415.35,0.35,0.7,219.35,-196.00000000000003,-0.47189117611652825,2023-04-17 15:00:00,2023-04-20 15:00:00,"[Buy/Sell: B, Ticker: O:MRNA230428C00145000, OpenPrice: 4.15, PositionID: [Symbol: MRNA, Strategy: day_losers, opendatetime: 2023-04-17 15:00]]","[Buy/Sell: S, Ticker: O:MRNA230428C00145000, OpenPrice: 2.19, PositionID: [Symbol: MRNA, Strategy: day_losers, opendatetime: 2023-04-17 15:00]]"
80,BUY/SELL,day_losers,profit_target,O:RIOT230428C00013000,0.92,1.39,92.35,0.35,0.7,139.35,47.0,0.5089334055224689,2023-04-17 15:00:00,2023-04-18 09:30:00,"[Buy/Sell: B, Ticker: O:RIOT230428C00013000, OpenPrice: 0.92, PositionID: [Symbol: RIOT, Strategy: day_losers, opendatetime: 2023-04-17 15:00]]","[Buy/Sell: S, Ticker: O:RIOT230428C00013000, OpenPrice: 1.39, PositionID: [Symbol: RIOT, Strategy: day_losers, opendatetime: 2023-04-17 15:00]]"
81,BUY/SELL,day_losers,profit_target,O:COIN230428C00066000,5.02,6.35,502.35,0.35,0.7,635.35,133.0,0.2647556484522743,2023-04-17 15:00:00,2023-04-18 09:30:00,"[Buy/Sell: B, Ticker: O:COIN230428C00066000, OpenPrice: 5.02, PositionID: [Symbol: COIN, Strategy: day_losers, opendatetime: 2023-04-17 15:00]]","[Buy/Sell: S, Ticker: O:COIN230428C00066000, OpenPrice: 6.35, PositionID: [Symbol: COIN, Strategy: day_losers, opendatetime: 2023-04-17 15:00]]"
82,BUY/SELL,day_losers,max_time,O:CS230428C00001000,0.02,0.01,2.35,0.35,0.7,1.35,-1.0,-0.425531914893617,2023-04-17 15:15:00,2023-04-20 15:00:00,"[Buy/Sell: B, Ticker: O:CS230428C00001000, OpenPrice: 0.02, PositionID: [Symbol: CS, Strategy: day_losers, opendatetime: 2023-04-17 15:15]]","[Buy/Sell: S, Ticker: O:CS230428C00001000, OpenPrice: 0.01, PositionID: [Symbol: CS, Strategy: day_losers, opendatetime: 2023-04-17 15:15]]"
83,BUY/SELL,day_losers,max_loss,O:MSTR230428C00320000,14.0,6.8,1400.35,0.35,0.7,680.35,-719.9999999999999,-0.5141571749919662,2023-04-17 15:45:00,2023-04-20 11:45:00,"[Buy/Sell: B, Ticker: O:MSTR230428C00320000, OpenPrice: 14.0, PositionID: [Symbol: MSTR, Strategy: day_losers, opendatetime: 2023-04-17 15:45]]","[Buy/Sell: S, Ticker: O:MSTR230428C00320000, OpenPrice: 6.8, PositionID: [Symbol: MSTR, Strategy: day_losers, opendatetime: 2023-04-17 15:45]]"
84,BUY/SELL,day_losers,max_time,O:ASML230428C00640000,15.35,8.7,1535.35,0.35,0.7,870.35,-664.9999999999999,-0.43312599732959906,2023-04-17 15:15:00,2023-04-20 14:30:00,"[Buy/Sell: B, Ticker: O:ASML230428C00640000, OpenPrice: 15.35, PositionID: [Symbol: ASML, Strategy: day_losers, opendatetime: 2023-04-17 15:15]]","[Buy/Sell: S, Ticker: O:ASML230428C00640000, OpenPrice: 8.7, PositionID: [Symbol: ASML, Strategy: day_losers, opendatetime: 2023-04-17 15:15]]"
85,BUY/SELL,day_losers,max_time,O:RBLX230428C00040000,1.66,1.82,166.35,0.35,0.7,182.35,16.0,0.09618274721971747,2023-04-18 09:30:00,2023-04-20 15:45:00,"[Buy/Sell: B, Ticker: O:RBLX230428C00040000, OpenPrice: 1.66, PositionID: [Symbol: RBLX, Strategy: day_losers, opendatetime: 2023-04-18 09:30]]","[Buy/Sell: S, Ticker: O:RBLX230428C00040000, OpenPrice: 1.82, PositionID: [Symbol: RBLX, Strategy: day_losers, opendatetime: 2023-04-18 09:30]]"
86,BUY/SELL,day_losers,max_time,O:MRNA230428C00145000,3.6,1.81,360.35,0.35,0.7,181.35,-179.00000000000003,-0.4967392812543361,2023-04-18 09:30:00,2023-04-20 15:45:00,"[Buy/Sell: B, Ticker: O:MRNA230428C00145000, OpenPrice: 3.6, PositionID: [Symbol: MRNA, Strategy: day_losers, opendatetime: 2023-04-18 09:30]]","[Buy/Sell: S, Ticker: O:MRNA230428C00145000, OpenPrice: 1.81, PositionID: [Symbol: MRNA, Strategy: day_losers, opendatetime: 2023-04-18 09:30]]"
87,BUY/SELL,day_losers,profit_target,O:RIOT230428C00012000,2.07,2.07,207.35,0.35,0.7,207.35,0.0,0.0,2023-04-18 09:30:00,2023-04-18 09:30:00,"[Buy/Sell: B, Ticker: O:RIOT230428C00012000, OpenPrice: 2.07, PositionID: [Symbol: RIOT, Strategy: day_losers, opendatetime: 2023-04-18 09:30]]","[Buy/Sell: S, Ticker: O:RIOT230428C00012000, OpenPrice: 2.07, PositionID: [Symbol: RIOT, Strategy: day_losers, opendatetime: 2023-04-18 09:30]]"
88,BUY/SELL,day_losers,max_time,O:CS230428C00001000,0.01,0.01,1.35,0.35,0.7,1.35,0.0,0.0,2023-04-18 09:30:00,2023-04-20 15:15:00,"[Buy/Sell: B, Ticker: O:CS230428C00001000, OpenPrice: 0.01, PositionID: [Symbol: CS, Strategy: day_losers, opendatetime: 2023-04-18 09:30]]","[Buy/Sell: S, Ticker: O:CS230428C00001000, OpenPrice: 0.01, PositionID: [Symbol: CS, Strategy: day_losers, opendatetime: 2023-04-18 09:30]]"
89,BUY/SELL,day_losers,profit_target,O:COIN230428C00066000,6.35,6.35,635.35,0.35,0.7,635.35,0.0,0.0,2023-04-18 09:30:00,2023-04-18 09:30:00,"[Buy/Sell: B, Ticker: O:COIN230428C00066000, OpenPrice: 6.35, PositionID: [Symbol: COIN, Strategy: day_losers, opendatetime: 2023-04-18 09:30]]","[Buy/Sell: S, Ticker: O:COIN230428C00066000, OpenPrice: 6.35, PositionID: [Symbol: COIN, Strategy: day_losers, opendatetime: 2023-04-18 09:30]]"
90,BUY/SELL,day_losers,max_loss,O:MSTR230428C00315000,23.5,7.25,2350.35,0.35,0.7,725.35,-1625.0,-0.6913863892611739,2023-04-18 09:30:00,2023-04-20 13:15:00,"[Buy/Sell: B, Ticker: O:MSTR230428C00315000, OpenPrice: 23.5, PositionID: [Symbol: MSTR, Strategy: day_losers, opendatetime: 2023-04-18 09:30]]","[Buy/Sell: S, Ticker: O:MSTR230428C00315000, OpenPrice: 7.25, PositionID: [Symbol: MSTR, Strategy: day_losers, opendatetime: 2023-04-18 09:30]]"
91,BUY/SELL,day_losers,max_time,O:ASML230428C00635000,23.07,10.42,2307.35,0.35,0.7,1042.35,-1265.0,-0.5482479901185343,2023-04-18 09:30:00,2023-04-20 15:45:00,"[Buy/Sell: B, Ticker: O:ASML230428C00635000, OpenPrice: 23.07, PositionID: [Symbol: ASML, Strategy: day_losers, opendatetime: 2023-04-18 09:30]]","[Buy/Sell: S, Ticker: O:ASML230428C00635000, OpenPrice: 10.42, PositionID: [Symbol: ASML, Strategy: day_losers, opendatetime: 2023-04-18 09:30]]"
92,BUY/SELL,day_losers,max_time,O:RBLX230428C00040000,1.66,1.82,166.35,0.35,0.7,182.35,16.0,0.09618274721971747,2023-04-18 09:30:00,2023-04-20 15:45:00,"[Buy/Sell: B, Ticker: O:RBLX230428C00040000, OpenPrice: 1.66, PositionID: [Symbol: RBLX, Strategy: day_losers, opendatetime: 2023-04-18 09:30]]","[Buy/Sell: S, Ticker: O:RBLX230428C00040000, OpenPrice: 1.82, PositionID: [Symbol: RBLX, Strategy: day_losers, opendatetime: 2023-04-18 09:30]]"
93,BUY/SELL,day_losers,profit_target,O:MANU230428C00020000,1.55,2.19,155.35,0.35,0.7,219.35,64.0,0.41197296427421953,2023-04-18 09:30:00,2023-04-18 15:00:00,"[Buy/Sell: B, Ticker: O:MANU230428C00020000, OpenPrice: 1.55, PositionID: [Symbol: MANU, Strategy: day_losers, opendatetime: 2023-04-18 09:30]]","[Buy/Sell: S, Ticker: O:MANU230428C00020000, OpenPrice: 2.19, PositionID: [Symbol: MANU, Strategy: day_losers, opendatetime: 2023-04-18 09:30]]"
94,BUY/SELL,day_losers,max_time,O:MRNA230428C00145000,3.6,1.81,360.35,0.35,0.7,181.35,-179.00000000000003,-0.4967392812543361,2023-04-18 09:30:00,2023-04-20 15:45:00,"[Buy/Sell: B, Ticker: O:MRNA230428C00145000, OpenPrice: 3.6, PositionID: [Symbol: MRNA, Strategy: day_losers, opendatetime: 2023-04-18 09:30]]","[Buy/Sell: S, Ticker: O:MRNA230428C00145000, OpenPrice: 1.81, PositionID: [Symbol: MRNA, Strategy: day_losers, opendatetime: 2023-04-18 09:30]]"
95,BUY/SELL,day_losers,max_time,O:CS230428C00001000,0.01,0.01,1.35,0.35,0.7,1.35,0.0,0.0,2023-04-18 09:30:00,2023-04-20 15:15:00,"[Buy/Sell: B, Ticker: O:CS230428C00001000, OpenPrice: 0.01, PositionID: [Symbol: CS, Strategy: day_losers, opendatetime: 2023-04-18 09:30]]","[Buy/Sell: S, Ticker: O:CS230428C00001000, OpenPrice: 0.01, PositionID: [Symbol: CS, Strategy: day_losers, opendatetime: 2023-04-18 09:30]]"
96,BUY/SELL,day_losers,max_loss,O:MSTR230428C00320000,20.98,5.25,2098.35,0.35,0.7,525.35,-1573.0,-0.7496366192484571,2023-04-18 09:30:00,2023-04-20 13:45:00,"[Buy/Sell: B, Ticker: O:MSTR230428C00320000, OpenPrice: 20.98, PositionID: [Symbol: MSTR, Strategy: day_losers, opendatetime: 2023-04-18 09:30]]","[Buy/Sell: S, Ticker: O:MSTR230428C00320000, OpenPrice: 5.25, PositionID: [Symbol: MSTR, Strategy: day_losers, opendatetime: 2023-04-18 09:30]]"
97,BUY/SELL,day_losers,profit_target,O:RIOT230428C00013000,1.39,1.39,139.35,0.35,0.7,139.35,0.0,0.0,2023-04-18 09:30:00,2023-04-18 09:30:00,"[Buy/Sell: B, Ticker: O:RIOT230428C00013000, OpenPrice: 1.39, PositionID: [Symbol: RIOT, Strategy: day_losers, opendatetime: 2023-04-18 09:30]]","[Buy/Sell: S, Ticker: O:RIOT230428C00013000, OpenPrice: 1.39, PositionID: [Symbol: RIOT, Strategy: day_losers, opendatetime: 2023-04-18 09:30]]"
98,BUY/SELL,day_losers,max_time,O:ASML230428C00635000,23.07,10.42,2307.35,0.35,0.7,1042.35,-1265.0,-0.5482479901185343,2023-04-18 09:30:00,2023-04-20 15:45:00,"[Buy/Sell: B, Ticker: O:ASML230428C00635000, OpenPrice: 23.07, PositionID: [Symbol: ASML, Strategy: day_losers, opendatetime: 2023-04-18 09:30]]","[Buy/Sell: S, Ticker: O:ASML230428C00635000, OpenPrice: 10.42, PositionID: [Symbol: ASML, Strategy: day_losers, opendatetime: 2023-04-18 09:30]]"
99,BUY/SELL,day_losers,max_time,O:RBLX230428C00040000,1.66,1.82,166.35,0.35,0.7,182.35,16.0,0.09618274721971747,2023-04-18 09:30:00,2023-04-20 15:45:00,"[Buy/Sell: B, Ticker: O:RBLX230428C00040000, OpenPrice: 1.66, PositionID: [Symbol: RBLX, Strategy: day_losers, opendatetime: 2023-04-18 09:30]]","[Buy/Sell: S, Ticker: O:RBLX230428C00040000, OpenPrice: 1.82, PositionID: [Symbol: RBLX, Strategy: day_losers, opendatetime: 2023-04-18 09:30]]"
100,BUY/SELL,day_losers,profit_target,O:MANU230428C00020000,1.55,2.19,155.35,0.35,0.7,219.35,64.0,0.41197296427421953,2023-04-18 09:30:00,2023-04-18 15:00:00,"[Buy/Sell: B, Ticker: O:MANU230428C00020000, OpenPrice: 1.55, PositionID: [Symbol: MANU, Strategy: day_losers, opendatetime: 2023-04-18 09:30]]","[Buy/Sell: S, Ticker: O:MANU230428C00020000, OpenPrice: 2.19, PositionID: [Symbol: MANU, Strategy: day_losers, opendatetime: 2023-04-18 09:30]]"
101,BUY/SELL,day_losers,max_time,O:MRNA230428C00145000,3.6,1.81,360.35,0.35,0.7,181.35,-179.00000000000003,-0.4967392812543361,2023-04-18 09:30:00,2023-04-20 15:45:00,"[Buy/Sell: B, Ticker: O:MRNA230428C00145000, OpenPrice: 3.6, PositionID: [Symbol: MRNA, Strategy: day_losers, opendatetime: 2023-04-18 09:30]]","[Buy/Sell: S, Ticker: O:MRNA230428C00145000, OpenPrice: 1.81, PositionID: [Symbol: MRNA, Strategy: day_losers, opendatetime: 2023-04-18 09:30]]"
102,BUY/SELL,day_losers,max_loss,O:MSTR230428C00315000,23.5,5.75,2350.35,0.35,0.7,575.35,-1775.0,-0.7552066713468207,2023-04-18 09:30:00,2023-04-20 15:15:00,"[Buy/Sell: B, Ticker: O:MSTR230428C00315000, OpenPrice: 23.5, PositionID: [Symbol: MSTR, Strategy: day_losers, opendatetime: 2023-04-18 09:30]]","[Buy/Sell: S, Ticker: O:MSTR230428C00315000, OpenPrice: 5.75, PositionID: [Symbol: MSTR, Strategy: day_losers, opendatetime: 2023-04-18 09:30]]"
103,BUY/SELL,day_losers,max_time,O:CS230428C00001000,0.01,0.01,1.35,0.35,0.7,1.35,0.0,0.0,2023-04-18 09:30:00,2023-04-20 15:15:00,"[Buy/Sell: B, Ticker: O:CS230428C00001000, OpenPrice: 0.01, PositionID: [Symbol: CS, Strategy: day_losers, opendatetime: 2023-04-18 09:30]]","[Buy/Sell: S, Ticker: O:CS230428C00001000, OpenPrice: 0.01, PositionID: [Symbol: CS, Strategy: day_losers, opendatetime: 2023-04-18 09:30]]"
104,BUY/SELL,day_losers,profit_target,O:RIOT230428C00013000,1.39,1.39,139.35,0.35,0.7,139.35,0.0,0.0,2023-04-18 09:30:00,2023-04-18 09:30:00,"[Buy/Sell: B, Ticker: O:RIOT230428C00013000, OpenPrice: 1.39, PositionID: [Symbol: RIOT, Strategy: day_losers, opendatetime: 2023-04-18 09:30]]","[Buy/Sell: S, Ticker: O:RIOT230428C00013000, OpenPrice: 1.39, PositionID: [Symbol: RIOT, Strategy: day_losers, opendatetime: 2023-04-18 09:30]]"
105,BUY/SELL,day_losers,max_time,O:ASML230428C00635000,23.07,10.42,2307.35,0.35,0.7,1042.35,-1265.0,-0.5482479901185343,2023-04-18 09:30:00,2023-04-20 15:45:00,"[Buy/Sell: B, Ticker: O:ASML230428C00635000, OpenPrice: 23.07, PositionID: [Symbol: ASML, Strategy: day_losers, opendatetime: 2023-04-18 09:30]]","[Buy/Sell: S, Ticker: O:ASML230428C00635000, OpenPrice: 10.42, PositionID: [Symbol: ASML, Strategy: day_losers, opendatetime: 2023-04-18 09:30]]"
106,BUY/SELL,day_losers,max_time,O:RBLX230428C00040000,1.66,1.82,166.35,0.35,0.7,182.35,16.0,0.09618274721971747,2023-04-18 09:30:00,2023-04-20 15:45:00,"[Buy/Sell: B, Ticker: O:RBLX230428C00040000, OpenPrice: 1.66, PositionID: [Symbol: RBLX, Strategy: day_losers, opendatetime: 2023-04-18 09:30]]","[Buy/Sell: S, Ticker: O:RBLX230428C00040000, OpenPrice: 1.82, PositionID: [Symbol: RBLX, Strategy: day_losers, opendatetime: 2023-04-18 09:30]]"
107,BUY/SELL,day_losers,profit_target,O:MANU230428C00020000,1.55,2.19,155.35,0.35,0.7,219.35,64.0,0.41197296427421953,2023-04-18 09:30:00,2023-04-18 15:00:00,"[Buy/Sell: B, Ticker: O:MANU230428C00020000, OpenPrice: 1.55, PositionID: [Symbol: MANU, Strategy: day_losers, opendatetime: 2023-04-18 09:30]]","[Buy/Sell: S, Ticker: O:MANU230428C00020000, OpenPrice: 2.19, PositionID: [Symbol: MANU, Strategy: day_losers, opendatetime: 2023-04-18 09:30]]"
108,BUY/SELL,day_losers,max_time,O:MRNA230428C00145000,3.6,1.81,360.35,0.35,0.7,181.35,-179.00000000000003,-0.4967392812543361,2023-04-18 09:30:00,2023-04-20 15:45:00,"[Buy/Sell: B, Ticker: O:MRNA230428C00145000, OpenPrice: 3.6, PositionID: [Symbol: MRNA, Strategy: day_losers, opendatetime: 2023-04-18 09:30]]","[Buy/Sell: S, Ticker: O:MRNA230428C00145000, OpenPrice: 1.81, PositionID: [Symbol: MRNA, Strategy: day_losers, opendatetime: 2023-04-18 09:30]]"
109,BUY/SELL,day_losers,max_loss,O:MSTR230428C00315000,23.5,5.75,2350.35,0.35,0.7,575.35,-1775.0,-0.7552066713468207,2023-04-18 09:30:00,2023-04-20 15:15:00,"[Buy/Sell: B, Ticker: O:MSTR230428C00315000, OpenPrice: 23.5, PositionID: [Symbol: MSTR, Strategy: day_losers, opendatetime: 2023-04-18 09:30]]","[Buy/Sell: S, Ticker: O:MSTR230428C00315000, OpenPrice: 5.75, PositionID: [Symbol: MSTR, Strategy: day_losers, opendatetime: 2023-04-18 09:30]]"
110,BUY/SELL,day_losers,profit_target,O:RIOT230428C00013000,1.39,1.39,139.35,0.35,0.7,139.35,0.0,0.0,2023-04-18 09:30:00,2023-04-18 09:30:00,"[Buy/Sell: B, Ticker: O:RIOT230428C00013000, OpenPrice: 1.39, PositionID: [Symbol: RIOT, Strategy: day_losers, opendatetime: 2023-04-18 09:30]]","[Buy/Sell: S, Ticker: O:RIOT230428C00013000, OpenPrice: 1.39, PositionID: [Symbol: RIOT, Strategy: day_losers, opendatetime: 2023-04-18 09:30]]"
111,BUY/SELL,day_losers,max_time,O:CS230428C00001000,0.01,0.01,1.35,0.35,0.7,1.35,0.0,0.0,2023-04-18 09:30:00,2023-04-20 15:15:00,"[Buy/Sell: B, Ticker: O:CS230428C00001000, OpenPrice: 0.01, PositionID: [Symbol: CS, Strategy: day_losers, opendatetime: 2023-04-18 09:30]]","[Buy/Sell: S, Ticker: O:CS230428C00001000, OpenPrice: 0.01, PositionID: [Symbol: CS, Strategy: day_losers, opendatetime: 2023-04-18 09:30]]"
112,BUY/SELL,day_losers,max_time,O:ASML230428C00635000,23.07,10.42,2307.35,0.35,0.7,1042.35,-1265.0,-0.5482479901185343,2023-04-18 09:30:00,2023-04-20 15:45:00,"[Buy/Sell: B, Ticker: O:ASML230428C00635000, OpenPrice: 23.07, PositionID: [Symbol: ASML, Strategy: day_losers, opendatetime: 2023-04-18 09:30]]","[Buy/Sell: S, Ticker: O:ASML230428C00635000, OpenPrice: 10.42, PositionID: [Symbol: ASML, Strategy: day_losers, opendatetime: 2023-04-18 09:30]]"
113,BUY/SELL,day_losers,max_time,O:RBLX230428C00040000,1.66,1.82,166.35,0.35,0.7,182.35,16.0,0.09618274721971747,2023-04-18 09:30:00,2023-04-20 15:45:00,"[Buy/Sell: B, Ticker: O:RBLX230428C00040000, OpenPrice: 1.66, PositionID: [Symbol: RBLX, Strategy: day_losers, opendatetime: 2023-04-18 09:30]]","[Buy/Sell: S, Ticker: O:RBLX230428C00040000, OpenPrice: 1.82, PositionID: [Symbol: RBLX, Strategy: day_losers, opendatetime: 2023-04-18 09:30]]"
114,BUY/SELL,day_losers,profit_target,O:MANU230428C00020000,1.55,2.19,155.35,0.35,0.7,219.35,64.0,0.41197296427421953,2023-04-18 09:30:00,2023-04-18 15:00:00,"[Buy/Sell: B, Ticker: O:MANU230428C00020000, OpenPrice: 1.55, PositionID: [Symbol: MANU, Strategy: day_losers, opendatetime: 2023-04-18 09:30]]","[Buy/Sell: S, Ticker: O:MANU230428C00020000, OpenPrice: 2.19, PositionID: [Symbol: MANU, Strategy: day_losers, opendatetime: 2023-04-18 09:30]]"
115,BUY/SELL,day_losers,max_time,O:MRNA230428C00145000,3.6,1.81,360.35,0.35,0.7,181.35,-179.00000000000003,-0.4967392812543361,2023-04-18 09:30:00,2023-04-20 15:45:00,"[Buy/Sell: B, Ticker: O:MRNA230428C00145000, OpenPrice: 3.6, PositionID: [Symbol: MRNA, Strategy: day_losers, opendatetime: 2023-04-18 09:30]]","[Buy/Sell: S, Ticker: O:MRNA230428C00145000, OpenPrice: 1.81, PositionID: [Symbol: MRNA, Strategy: day_losers, opendatetime: 2023-04-18 09:30]]"
116,BUY/SELL,day_losers,profit_target,O:MSTR230428C00315000,23.5,25.8,2350.35,0.35,0.7,2580.35,230.0,0.09785776586465846,2023-04-18 09:30:00,2023-04-18 09:45:00,"[Buy/Sell: B, Ticker: O:MSTR230428C00315000, OpenPrice: 23.5, PositionID: [Symbol: MSTR, Strategy: day_losers, opendatetime: 2023-04-18 09:30]]","[Buy/Sell: S, Ticker: O:MSTR230428C00315000, OpenPrice: 25.8, PositionID: [Symbol: MSTR, Strategy: day_losers, opendatetime: 2023-04-18 09:30]]"
117,BUY/SELL,day_losers,max_time,O:ASML230428C00640000,19.54,8.4,1954.35,0.35,0.7,840.35,-1114.0,-0.5700104894210352,2023-04-18 10:00:00,2023-04-20 15:45:00,"[Buy/Sell: B, Ticker: O:ASML230428C00640000, OpenPrice: 19.54, PositionID: [Symbol: ASML, Strategy: day_losers, opendatetime: 2023-04-18 10:00]]","[Buy/Sell: S, Ticker: O:ASML230428C00640000, OpenPrice: 8.4, PositionID: [Symbol: ASML, Strategy: day_losers, opendatetime: 2023-04-18 10:00]]"
118,BUY/SELL,day_losers,max_time,O:CS230428C00001000,0.01,0.01,1.35,0.35,0.7,1.35,0.0,0.0,2023-04-18 09:30:00,2023-04-20 15:15:00,"[Buy/Sell: B, Ticker: O:CS230428C00001000, OpenPrice: 0.01, PositionID: [Symbol: CS, Strategy: day_losers, opendatetime: 2023-04-18 09:30]]","[Buy/Sell: S, Ticker: O:CS230428C00001000, OpenPrice: 0.01, PositionID: [Symbol: CS, Strategy: day_losers, opendatetime: 2023-04-18 09:30]]"
119,BUY/SELL,day_losers,max_time,O:RBLX230428C00040000,1.66,1.82,166.35,0.35,0.7,182.35,16.0,0.09618274721971747,2023-04-18 09:30:00,2023-04-20 15:45:00,"[Buy/Sell: B, Ticker: O:RBLX230428C00040000, OpenPrice: 1.66, PositionID: [Symbol: RBLX, Strategy: day_losers, opendatetime: 2023-04-18 09:30]]","[Buy/Sell: S, Ticker: O:RBLX230428C00040000, OpenPrice: 1.82, PositionID: [Symbol: RBLX, Strategy: day_losers, opendatetime: 2023-04-18 09:30]]"
120,BUY/SELL,day_losers,max_time,O:MANU230428C00020000,1.55,2.19,155.35,0.35,0.7,219.35,64.0,0.41197296427421953,2023-04-18 09:30:00,2023-04-18 15:00:00,"[Buy/Sell: B, Ticker: O:MANU230428C00020000, OpenPrice: 1.55, PositionID: [Symbol: MANU, Strategy: day_losers, opendatetime: 2023-04-18 09:30]]","[Buy/Sell: S, Ticker: O:MANU230428C00020000, OpenPrice: 2.19, PositionID: [Symbol: MANU, Strategy: day_losers, opendatetime: 2023-04-18 09:30]]"
121,BUY/SELL,day_losers,max_time,O:MRNA230428C00145000,3.6,1.81,360.35,0.35,0.7,181.35,-179.00000000000003,-0.4967392812543361,2023-04-18 09:30:00,2023-04-20 15:45:00,"[Buy/Sell: B, Ticker: O:MRNA230428C00145000, OpenPrice: 3.6, PositionID: [Symbol: MRNA, Strategy: day_losers, opendatetime: 2023-04-18 09:30]]","[Buy/Sell: S, Ticker: O:MRNA230428C00145000, OpenPrice: 1.81, PositionID: [Symbol: MRNA, Strategy: day_losers, opendatetime: 2023-04-18 09:30]]"
122,BUY/SELL,day_losers,profit_target,O:MSTR230428C00315000,23.5,25.8,2350.35,0.35,0.7,2580.35,230.0,0.09785776586465846,2023-04-18 09:30:00,2023-04-18 09:45:00,"[Buy/Sell: B, Ticker: O:MSTR230428C00315000, OpenPrice: 23.5, PositionID: [Symbol: MSTR, Strategy: day_losers, opendatetime: 2023-04-18 09:30]]","[Buy/Sell: S, Ticker: O:MSTR230428C00315000, OpenPrice: 25.8, PositionID: [Symbol: MSTR, Strategy: day_losers, opendatetime: 2023-04-18 09:30]]"
123,BUY/SELL,day_losers,max_time,O:CS230428C00001000,0.01,0.01,1.35,0.35,0.7,1.35,0.0,0.0,2023-04-18 09:30:00,2023-04-20 15:15:00,"[Buy/Sell: B, Ticker: O:CS230428C00001000, OpenPrice: 0.01, PositionID: [Symbol: CS, Strategy: day_losers, opendatetime: 2023-04-18 09:30]]","[Buy/Sell: S, Ticker: O:CS230428C00001000, OpenPrice: 0.01, PositionID: [Symbol: CS, Strategy: day_losers, opendatetime: 2023-04-18 09:30]]"
124,BUY/SELL,most_actives,max_loss,O:TSLA230428C00185000,9.1,1.06,910.35,0.35,0.7,106.35,-804.0,-0.8831768001318174,2023-04-17 13:00:00,2023-04-20 09:30:00,"[Buy/Sell: B, Ticker: O:TSLA230428C00185000, OpenPrice: 9.1, PositionID: [Symbol: TSLA, Strategy: most_actives, opendatetime: 2023-04-17 13:00]]","[Buy/Sell: S, Ticker: O:TSLA230428C00185000, OpenPrice: 1.06, PositionID: [Symbol: TSLA, Strategy: most_actives, opendatetime: 2023-04-17 13:00]]"
125,BUY/SELL,most_actives,max_time,O:BAC230428C00030000,0.9,0.43,90.35,0.35,0.7,43.35,-46.99999999999999,-0.5201992252351965,2023-04-17 13:00:00,2023-04-20 13:00:00,"[Buy/Sell: B, Ticker: O:BAC230428C00030000, OpenPrice: 0.9, PositionID: [Symbol: BAC, Strategy: most_actives, opendatetime: 2023-04-17 13:00]]","[Buy/Sell: S, Ticker: O:BAC230428C00030000, OpenPrice: 0.43, PositionID: [Symbol: BAC, Strategy: most_actives, opendatetime: 2023-04-17 13:00]]"
126,BUY/SELL,most_actives,profit_target,O:MARA230428C00012000,0.8,1.38,80.35,0.35,0.7,138.35,58.0,0.7218419415059116,2023-04-17 13:00:00,2023-04-18 10:00:00,"[Buy/Sell: B, Ticker: O:MARA230428C00012000, OpenPrice: 0.8, PositionID: [Symbol: MARA, Strategy: most_actives, opendatetime: 2023-04-17 13:00]]","[Buy/Sell: S, Ticker: O:MARA230428C00012000, OpenPrice: 1.38, PositionID: [Symbol: MARA, Strategy: most_actives, opendatetime: 2023-04-17 13:00]]"
127,BUY/SELL,most_actives,max_time,O:AMZN230428C00105000,2.76,3.55,276.35,0.35,0.7,355.35,79.0,0.28586936855436945,2023-04-17 13:00:00,2023-04-20 13:00:00,"[Buy/Sell: B, Ticker: O:AMZN230428C00105000, OpenPrice: 2.76, PositionID: [Symbol: AMZN, Strategy: most_actives, opendatetime: 2023-04-17 13:00]]","[Buy/Sell: S, Ticker: O:AMZN230428C00105000, OpenPrice: 3.55, PositionID: [Symbol: AMZN, Strategy: most_actives, opendatetime: 2023-04-17 13:00]]"
128,BUY/SELL,most_actives,max_time,O:JPM230428C00140000,1.48,1.49,148.35,0.35,0.7,149.35,1.0,0.006740815638692282,2023-04-17 13:00:00,2023-04-20 13:00:00,"[Buy/Sell: B, Ticker: O:JPM230428C00140000, OpenPrice: 1.48, PositionID: [Symbol: JPM, Strategy: most_actives, opendatetime: 2023-04-17 13:00]]","[Buy/Sell: S, Ticker: O:JPM230428C00140000, OpenPrice: 1.49, PositionID: [Symbol: JPM, Strategy: most_actives, opendatetime: 2023-04-17 13:00]]"
129,BUY/SELL,most_actives,max_loss,O:F230428C00013000,0.09,0.05,9.35,0.35,0.7,5.35,-4.0,-0.42780748663101603,2023-04-17 13:00:00,2023-04-20 09:30:00,"[Buy/Sell: B, Ticker: O:F230428C00013000, OpenPrice: 0.09, PositionID: [Symbol: F, Strategy: most_actives, opendatetime: 2023-04-17 13:00]]","[Buy/Sell: S, Ticker: O:F230428C00013000, OpenPrice: 0.05, PositionID: [Symbol: F, Strategy: most_actives, opendatetime: 2023-04-17 13:00]]"
130,BUY/SELL,most_actives,max_loss,O:PLTR230428C00009000,0.25,0.06,25.35,0.35,0.7,6.35,-19.0,-0.7495069033530571,2023-04-17 13:00:00,2023-04-20 09:30:00,"[Buy/Sell: B, Ticker: O:PLTR230428C00009000, OpenPrice: 0.25, PositionID: [Symbol: PLTR, Strategy: most_actives, opendatetime: 2023-04-17 13:00]]","[Buy/Sell: S, Ticker: O:PLTR230428C00009000, OpenPrice: 0.06, PositionID: [Symbol: PLTR, Strategy: most_actives, opendatetime: 2023-04-17 13:00]]"
131,BUY/SELL,most_actives,profit_target,O:WFC230428C00040000,1.29,1.98,129.35,0.35,0.7,198.35,69.0,0.5334364128333978,2023-04-17 13:15:00,2023-04-18 13:15:00,"[Buy/Sell: B, Ticker: O:WFC230428C00040000, OpenPrice: 1.29, PositionID: [Symbol: WFC, Strategy: most_actives, opendatetime: 2023-04-17 13:15]]","[Buy/Sell: S, Ticker: O:WFC230428C00040000, OpenPrice: 1.98, PositionID: [Symbol: WFC, Strategy: most_actives, opendatetime: 2023-04-17 13:15]]"
132,BUY/SELL,most_actives,max_time,O:NVDA230428C00270000,5.65,10.59,565.35,0.35,0.7,1059.35,493.9999999999999,0.8737949942513484,2023-04-17 13:00:00,2023-04-20 13:00:00,"[Buy/Sell: B, Ticker: O:NVDA230428C00270000, OpenPrice: 5.65, PositionID: [Symbol: NVDA, Strategy: most_actives, opendatetime: 2023-04-17 13:00]]","[Buy/Sell: S, Ticker: O:NVDA230428C00270000, OpenPrice: 10.59, PositionID: [Symbol: NVDA, Strategy: most_actives, opendatetime: 2023-04-17 13:00]]"
133,BUY/SELL,most_actives,max_loss,O:RIVN230428C00013000,0.93,0.32,93.35,0.35,0.7,32.35,-60.99999999999999,-0.6534547402249598,2023-04-18 09:30:00,2023-04-20 09:30:00,"[Buy/Sell: B, Ticker: O:RIVN230428C00013000, OpenPrice: 0.93, PositionID: [Symbol: RIVN, Strategy: most_actives, opendatetime: 2023-04-18 09:30]]","[Buy/Sell: S, Ticker: O:RIVN230428C00013000, OpenPrice: 0.32, PositionID: [Symbol: RIVN, Strategy: most_actives, opendatetime: 2023-04-18 09:30]]"
134,BUY/SELL,most_actives,max_time,O:AMC230428C00005000,0.35,0.18,35.35,0.35,0.7,18.35,-17.0,-0.4809052333804809,2023-04-17 13:00:00,2023-04-20 13:00:00,"[Buy/Sell: B, Ticker: O:AMC230428C00005000, OpenPrice: 0.35, PositionID: [Symbol: AMC, Strategy: most_actives, opendatetime: 2023-04-17 13:00]]","[Buy/Sell: S, Ticker: O:AMC230428C00005000, OpenPrice: 0.18, PositionID: [Symbol: AMC, Strategy: most_actives, opendatetime: 2023-04-17 13:00]]"
135,BUY/SELL,most_actives,max_time,O:TEVA230428C00008000,0.57,0.57,57.35,0.35,0.7,57.35,0.0,0.0,2023-04-19 10:30:00,2023-04-19 10:30:00,"[Buy/Sell: B, Ticker: O:TEVA230428C00008000, OpenPrice: 0.57, PositionID: [Symbol: TEVA, Strategy: most_actives, opendatetime: 2023-04-19 10:30]]","[Buy/Sell: S, Ticker: O:TEVA230428C00008000, OpenPrice: 0.57, PositionID: [Symbol: TEVA, Strategy: most_actives, opendatetime: 2023-04-19 10:30]]"
136,BUY/SELL,most_actives,max_time,O:C230428C00050000,0.52,0.37,52.35,0.35,0.7,37.35,-15.0,-0.28653295128939826,2023-04-17 13:00:00,2023-04-20 13:00:00,"[Buy/Sell: B, Ticker: O:C230428C00050000, OpenPrice: 0.52, PositionID: [Symbol: C, Strategy: most_actives, opendatetime: 2023-04-17 13:00]]","[Buy/Sell: S, Ticker: O:C230428C00050000, OpenPrice: 0.37, PositionID: [Symbol: C, Strategy: most_actives, opendatetime: 2023-04-17 13:00]]"
137,BUY/SELL,most_actives,profit_target,O:SCHW230428C00051000,2.07,3.3,207.35,0.35,0.7,330.35,123.00000000000003,0.5931999035447313,2023-04-17 13:15:00,2023-04-18 11:15:00,"[Buy/Sell: B, Ticker: O:SCHW230428C00051000, OpenPrice: 2.07, PositionID: [Symbol: SCHW, Strategy: most_actives, opendatetime: 2023-04-17 13:15]]","[Buy/Sell: S, Ticker: O:SCHW230428C00051000, OpenPrice: 3.3, PositionID: [Symbol: SCHW, Strategy: most_actives, opendatetime: 2023-04-17 13:15]]"
138,BUY/SELL,most_actives,profit_target,O:NIO230428C00009000,0.95,0.95,95.35,0.35,0.7,95.35,0.0,0.0,2023-04-17 13:00:00,2023-04-17 13:00:00,"[Buy/Sell: B, Ticker: O:NIO230428C00009000, OpenPrice: 0.95, PositionID: [Symbol: NIO, Strategy: most_actives, opendatetime: 2023-04-17 13:00]]","[Buy/Sell: S, Ticker: O:NIO230428C00009000, OpenPrice: 0.95, PositionID: [Symbol: NIO, Strategy: most_actives, opendatetime: 2023-04-17 13:00]]"
139,BUY/SELL,most_actives,max_loss,O:LCID230428C00008000,0.29,0.1,29.35,0.35,0.7,10.35,-19.0,-0.6473594548551959,2023-04-17 13:00:00,2023-04-20 09:30:00,"[Buy/Sell: B, Ticker: O:LCID230428C00008000, OpenPrice: 0.29, PositionID: [Symbol: LCID, Strategy: most_actives, opendatetime: 2023-04-17 13:00]]","[Buy/Sell: S, Ticker: O:LCID230428C00008000, OpenPrice: 0.1, PositionID: [Symbol: LCID, Strategy: most_actives, opendatetime: 2023-04-17 13:00]]"
140,BUY/SELL,most_actives,profit_target,O:AAL230428C00013000,0.49,0.69,49.35,0.35,0.7,69.35,19.999999999999993,0.4052684903748732,2023-04-17 13:15:00,2023-04-19 11:45:00,"[Buy/Sell: B, Ticker: O:AAL230428C00013000, OpenPrice: 0.49, PositionID: [Symbol: AAL, Strategy: most_actives, opendatetime: 2023-04-17 13:15]]","[Buy/Sell: S, Ticker: O:AAL230428C00013000, OpenPrice: 0.69, PositionID: [Symbol: AAL, Strategy: most_actives, opendatetime: 2023-04-17 13:15]]"
141,BUY/SELL,most_actives,max_time,O:PLUG230428C00009000,0.74,0.36,74.35,0.35,0.7,36.35,-37.99999999999999,-0.5110961667787491,2023-04-17 13:15:00,2023-04-20 13:00:00,"[Buy/Sell: B, Ticker: O:PLUG230428C00009000, OpenPrice: 0.74, PositionID: [Symbol: PLUG, Strategy: most_actives, opendatetime: 2023-04-17 13:15]]","[Buy/Sell: S, Ticker: O:PLUG230428C00009000, OpenPrice: 0.36, PositionID: [Symbol: PLUG, Strategy: most_actives, opendatetime: 2023-04-17 13:15]]"
142,BUY/SELL,most_actives,max_loss,O:TSLA230428C00190000,6.3,0.57,630.35,0.35,0.7,57.35,-573.0,-0.9090187990798763,2023-04-17 14:00:00,2023-04-20 09:30:00,"[Buy/Sell: B, Ticker: O:TSLA230428C00190000, OpenPrice: 6.3, PositionID: [Symbol: TSLA, Strategy: most_actives, opendatetime: 2023-04-17 14:00]]","[Buy/Sell: S, Ticker: O:TSLA230428C00190000, OpenPrice: 0.57, PositionID: [Symbol: TSLA, Strategy: most_actives, opendatetime: 2023-04-17 14:00]]"
143,BUY/SELL,most_actives,profit_target,O:SCHW230428C00051000,2.04,3.3,204.35,0.35,0.7,330.35,126.00000000000003,0.616589185221434,2023-04-17 14:30:00,2023-04-18 11:15:00,"[Buy/Sell: B, Ticker: O:SCHW230428C00051000, OpenPrice: 2.04, PositionID: [Symbol: SCHW, Strategy: most_actives, opendatetime: 2023-04-17 14:30]]","[Buy/Sell: S, Ticker: O:SCHW230428C00051000, OpenPrice: 3.3, PositionID: [Symbol: SCHW, Strategy: most_actives, opendatetime: 2023-04-17 14:30]]"
144,BUY/SELL,most_actives,max_time,O:BAC230428C00030000,0.97,0.43,97.35,0.35,0.7,43.35,-53.99999999999999,-0.5546995377503852,2023-04-17 14:00:00,2023-04-20 14:00:00,"[Buy/Sell: B, Ticker: O:BAC230428C00030000, OpenPrice: 0.97, PositionID: [Symbol: BAC, Strategy: most_actives, opendatetime: 2023-04-17 14:00]]","[Buy/Sell: S, Ticker: O:BAC230428C00030000, OpenPrice: 0.43, PositionID: [Symbol: BAC, Strategy: most_actives, opendatetime: 2023-04-17 14:00]]"
145,BUY/SELL,most_actives,max_time,O:GOOGL230428C00110000,1.76,1.53,176.35,0.35,0.7,153.35,-23.0,-0.1304224553444854,2023-04-17 14:00:00,2023-04-20 14:00:00,"[Buy/Sell: B, Ticker: O:GOOGL230428C00110000, OpenPrice: 1.76, PositionID: [Symbol: GOOGL, Strategy: most_actives, opendatetime: 2023-04-17 14:00]]","[Buy/Sell: S, Ticker: O:GOOGL230428C00110000, OpenPrice: 1.53, PositionID: [Symbol: GOOGL, Strategy: most_actives, opendatetime: 2023-04-17 14:00]]"
146,BUY/SELL,most_actives,max_time,O:AAPL230428C00165000,2.2,3.75,220.35,0.35,0.7,375.35,155.00000000000003,0.7034263671431814,2023-04-17 14:00:00,2023-04-20 14:00:00,"[Buy/Sell: B, Ticker: O:AAPL230428C00165000, OpenPrice: 2.2, PositionID: [Symbol: AAPL, Strategy: most_actives, opendatetime: 2023-04-17 14:00]]","[Buy/Sell: S, Ticker: O:AAPL230428C00165000, OpenPrice: 3.75, PositionID: [Symbol: AAPL, Strategy: most_actives, opendatetime: 2023-04-17 14:00]]"
147,BUY/SELL,most_actives,max_time,O:AMD230428C00090000,2.16,2.64,216.35,0.35,0.7,264.35,48.00000000000003,0.22186272244049007,2023-04-17 14:00:00,2023-04-20 14:00:00,"[Buy/Sell: B, Ticker: O:AMD230428C00090000, OpenPrice: 2.16, PositionID: [Symbol: AMD, Strategy: most_actives, opendatetime: 2023-04-17 14:00]]","[Buy/Sell: S, Ticker: O:AMD230428C00090000, OpenPrice: 2.64, PositionID: [Symbol: AMD, Strategy: most_actives, opendatetime: 2023-04-17 14:00]]"
148,BUY/SELL,most_actives,max_loss,O:NIO230428C00010000,0.31,0.15,31.35,0.35,0.7,15.35,-16.0,-0.5103668261562998,2023-04-17 14:00:00,2023-04-19 09:30:00,"[Buy/Sell: B, Ticker: O:NIO230428C00010000, OpenPrice: 0.31, PositionID: [Symbol: NIO, Strategy: most_actives, opendatetime: 2023-04-17 14:00]]","[Buy/Sell: S, Ticker: O:NIO230428C00010000, OpenPrice: 0.15, PositionID: [Symbol: NIO, Strategy: most_actives, opendatetime: 2023-04-17 14:00]]"
149,BUY/SELL,most_actives,max_time,O:RBLX230428C00040000,1.6,2.5,160.35,0.35,0.7,250.35,90.0,0.5612722170252573,2023-04-17 14:00:00,2023-04-20 13:00:00,"[Buy/Sell: B, Ticker: O:RBLX230428C00040000, OpenPrice: 1.6, PositionID: [Symbol: RBLX, Strategy: most_actives, opendatetime: 2023-04-17 14:00]]","[Buy/Sell: S, Ticker: O:RBLX230428C00040000, OpenPrice: 2.5, PositionID: [Symbol: RBLX, Strategy: most_actives, opendatetime: 2023-04-17 14:00]]"
150,BUY/SELL,most_actives,max_time,O:GOOG230428C00110000,1.94,1.74,194.35,0.35,0.7,174.35,-20.0,-0.10290712631849756,2023-04-17 14:15:00,2023-04-20 14:00:00,"[Buy/Sell: B, Ticker: O:GOOG230428C00110000, OpenPrice: 1.94, PositionID: [Symbol: GOOG, Strategy: most_actives, opendatetime: 2023-04-17 14:15]]","[Buy/Sell: S, Ticker: O:GOOG230428C00110000, OpenPrice: 1.74, PositionID: [Symbol: GOOG, Strategy: most_actives, opendatetime: 2023-04-17 14:15]]"
151,BUY/SELL,most_actives,max_loss,O:PLTR230428C00009000,0.2,0.1,20.35,0.35,0.7,10.35,-10.000000000000002,-0.49140049140049147,2023-04-17 14:00:00,2023-04-19 10:00:00,"[Buy/Sell: B, Ticker: O:PLTR230428C00009000, OpenPrice: 0.2, PositionID: [Symbol: PLTR, Strategy: most_actives, opendatetime: 2023-04-17 14:00]]","[Buy/Sell: S, Ticker: O:PLTR230428C00009000, OpenPrice: 0.1, PositionID: [Symbol: PLTR, Strategy: most_actives, opendatetime: 2023-04-17 14:00]]"
152,BUY/SELL,most_actives,max_loss,O:XPEV230428C00011000,0.69,0.28,69.35,0.35,0.7,28.35,-40.99999999999999,-0.5912040374909877,2023-04-17 14:15:00,2023-04-19 09:30:00,"[Buy/Sell: B, Ticker: O:XPEV230428C00011000, OpenPrice: 0.69, PositionID: [Symbol: XPEV, Strategy: most_actives, opendatetime: 2023-04-17 14:15]]","[Buy/Sell: S, Ticker: O:XPEV230428C00011000, OpenPrice: 0.28, PositionID: [Symbol: XPEV, Strategy: most_actives, opendatetime: 2023-04-17 14:15]]"
153,BUY/SELL,most_actives,max_time,O:AMZN230428C00105000,2.75,3.52,275.35,0.35,0.7,352.35,77.0,0.2796440893408389,2023-04-17 14:00:00,2023-04-20 14:00:00,"[Buy/Sell: B, Ticker: O:AMZN230428C00105000, OpenPrice: 2.75, PositionID: [Symbol: AMZN, Strategy: most_actives, opendatetime: 2023-04-17 14:00]]","[Buy/Sell: S, Ticker: O:AMZN230428C00105000, OpenPrice: 3.52, PositionID: [Symbol: AMZN, Strategy: most_actives, opendatetime: 2023-04-17 14:00]]"
154,BUY/SELL,most_actives,profit_target,O:RIOT230428C00012000,1.46,1.56,146.35,0.35,0.7,156.35,10.0,0.0683293474547318,2023-04-17 14:15:00,2023-04-17 15:45:00,"[Buy/Sell: B, Ticker: O:RIOT230428C00012000, OpenPrice: 1.46, PositionID: [Symbol: RIOT, Strategy: most_actives, opendatetime: 2023-04-17 14:15]]","[Buy/Sell: S, Ticker: O:RIOT230428C00012000, OpenPrice: 1.56, PositionID: [Symbol: RIOT, Strategy: most_actives, opendatetime: 2023-04-17 14:15]]"
155,BUY/SELL,most_actives,max_time,O:NVDA230428C00270000,5.71,10.1,571.35,0.35,0.7,1010.35,439.0,0.7683556489017239,2023-04-17 14:00:00,2023-04-20 14:00:00,"[Buy/Sell: B, Ticker: O:NVDA230428C00270000, OpenPrice: 5.71, PositionID: [Symbol: NVDA, Strategy: most_actives, opendatetime: 2023-04-17 14:00]]","[Buy/Sell: S, Ticker: O:NVDA230428C00270000, OpenPrice: 10.1, PositionID: [Symbol: NVDA, Strategy: most_actives, opendatetime: 2023-04-17 14:00]]"
156,BUY/SELL,most_actives,max_loss,O:TSLA230428C00185000,9.45,1.06,945.35,0.35,0.7,106.35,-839.0,-0.8875019833923943,2023-04-17 15:00:00,2023-04-20 09:30:00,"[Buy/Sell: B, Ticker: O:TSLA230428C00185000, OpenPrice: 9.45, PositionID: [Symbol: TSLA, Strategy: most_actives, opendatetime: 2023-04-17 15:00]]","[Buy/Sell: S, Ticker: O:TSLA230428C00185000, OpenPrice: 1.06, PositionID: [Symbol: TSLA, Strategy: most_actives, opendatetime: 2023-04-17 15:00]]"
157,BUY/SELL,most_actives,profit_target,O:SCHW230428C00052000,1.4,3.25,140.35,0.35,0.7,325.35,185.00000000000003,1.3181332383327398,2023-04-17 15:00:00,2023-04-19 09:45:00,"[Buy/Sell: B, Ticker: O:SCHW230428C00052000, OpenPrice: 1.4, PositionID: [Symbol: SCHW, Strategy: most_actives, opendatetime: 2023-04-17 15:00]]","[Buy/Sell: S, Ticker: O:SCHW230428C00052000, OpenPrice: 3.25, PositionID: [Symbol: SCHW, Strategy: most_actives, opendatetime: 2023-04-17 15:00]]"
158,BUY/SELL,most_actives,max_time,O:BAC230428C00030000,0.99,0.43,99.35,0.35,0.7,43.35,-55.99999999999999,-0.5636638147961751,2023-04-17 15:00:00,2023-04-20 15:00:00,"[Buy/Sell: B, Ticker: O:BAC230428C00030000, OpenPrice: 0.99, PositionID: [Symbol: BAC, Strategy: most_actives, opendatetime: 2023-04-17 15:00]]","[Buy/Sell: S, Ticker: O:BAC230428C00030000, OpenPrice: 0.43, PositionID: [Symbol: BAC, Strategy: most_actives, opendatetime: 2023-04-17 15:00]]"
159,BUY/SELL,most_actives,max_loss,O:NIO230428C00010000,0.32,0.15,32.35,0.35,0.7,15.35,-17.0,-0.5255023183925811,2023-04-17 15:00:00,2023-04-19 09:30:00,"[Buy/Sell: B, Ticker: O:NIO230428C00010000, OpenPrice: 0.32, PositionID: [Symbol: NIO, Strategy: most_actives, opendatetime: 2023-04-17 15:00]]","[Buy/Sell: S, Ticker: O:NIO230428C00010000, OpenPrice: 0.15, PositionID: [Symbol: NIO, Strategy: most_actives, opendatetime: 2023-04-17 15:00]]"
160,BUY/SELL,most_actives,max_time,O:AMD230428C00089000,2.88,2.85,288.35,0.35,0.7,285.35,-3.0,-0.010404022888850355,2023-04-17 15:00:00,2023-04-20 15:00:00,"[Buy/Sell: B, Ticker: O:AMD230428C00089000, OpenPrice: 2.88, PositionID: [Symbol: AMD, Strategy: most_actives, opendatetime: 2023-04-17 15:00]]","[Buy/Sell: S, Ticker: O:AMD230428C00089000, OpenPrice: 2.85, PositionID: [Symbol: AMD, Strategy: most_actives, opendatetime: 2023-04-17 15:00]]"
161,BUY/SELL,most_actives,max_time,O:GOOGL230428C00110000,1.84,1.37,184.35,0.35,0.7,137.35,-47.0,-0.25494982370490915,2023-04-17 15:00:00,2023-04-20 15:00:00,"[Buy/Sell: B, Ticker: O:GOOGL230428C00110000, OpenPrice: 1.84, PositionID: [Symbol: GOOGL, Strategy: most_actives, opendatetime: 2023-04-17 15:00]]","[Buy/Sell: S, Ticker: O:GOOGL230428C00110000, OpenPrice: 1.37, PositionID: [Symbol: GOOGL, Strategy: most_actives, opendatetime: 2023-04-17 15:00]]"
162,BUY/SELL,most_actives,max_time,O:CS230428C00001000,0.02,0.01,2.35,0.35,0.7,1.35,-1.0,-0.425531914893617,2023-04-17 15:15:00,2023-04-20 15:00:00,"[Buy/Sell: B, Ticker: O:CS230428C00001000, OpenPrice: 0.02, PositionID: [Symbol: CS, Strategy: most_actives, opendatetime: 2023-04-17 15:15]]","[Buy/Sell: S, Ticker: O:CS230428C00001000, OpenPrice: 0.01, PositionID: [Symbol: CS, Strategy: most_actives, opendatetime: 2023-04-17 15:15]]"
163,BUY/SELL,most_actives,max_time,O:AAPL230428C00165000,2.4,3.15,240.35,0.35,0.7,315.35,75.00000000000003,0.31204493447056386,2023-04-17 15:00:00,2023-04-20 15:00:00,"[Buy/Sell: B, Ticker: O:AAPL230428C00165000, OpenPrice: 2.4, PositionID: [Symbol: AAPL, Strategy: most_actives, opendatetime: 2023-04-17 15:00]]","[Buy/Sell: S, Ticker: O:AAPL230428C00165000, OpenPrice: 3.15, PositionID: [Symbol: AAPL, Strategy: most_actives, opendatetime: 2023-04-17 15:00]]"
164,BUY/SELL,most_actives,profit_target,O:RBLX230428C00039000,2.25,2.87,225.35,0.35,0.7,287.35,62.00000000000003,0.27512757932105625,2023-04-17 15:00:00,2023-04-19 12:30:00,"[Buy/Sell: B, Ticker: O:RBLX230428C00039000, OpenPrice: 2.25, PositionID: [Symbol: RBLX, Strategy: most_actives, opendatetime: 2023-04-17 15:00]]","[Buy/Sell: S, Ticker: O:RBLX230428C00039000, OpenPrice: 2.87, PositionID: [Symbol: RBLX, Strategy: most_actives, opendatetime: 2023-04-17 15:00]]"
165,BUY/SELL,most_actives,max_time,O:AMZN230428C00105000,2.94,3.27,294.35,0.35,0.7,327.35,33.0,0.11211143196874468,2023-04-17 15:00:00,2023-04-20 15:00:00,"[Buy/Sell: B, Ticker: O:AMZN230428C00105000, OpenPrice: 2.94, PositionID: [Symbol: AMZN, Strategy: most_actives, opendatetime: 2023-04-17 15:00]]","[Buy/Sell: S, Ticker: O:AMZN230428C00105000, OpenPrice: 3.27, PositionID: [Symbol: AMZN, Strategy: most_actives, opendatetime: 2023-04-17 15:00]]"
166,BUY/SELL,most_actives,max_time,O:GOOG230428C00110000,2.06,1.52,206.35,0.35,0.7,152.35,-54.0,-0.26169130118730316,2023-04-17 15:00:00,2023-04-20 15:00:00,"[Buy/Sell: B, Ticker: O:GOOG230428C00110000, OpenPrice: 2.06, PositionID: [Symbol: GOOG, Strategy: most_actives, opendatetime: 2023-04-17 15:00]]","[Buy/Sell: S, Ticker: O:GOOG230428C00110000, OpenPrice: 1.52, PositionID: [Symbol: GOOG, Strategy: most_actives, opendatetime: 2023-04-17 15:00]]"
167,BUY/SELL,most_actives,max_loss,O:F230428C00013000,0.1,0.05,10.35,0.35,0.7,5.35,-5.0,-0.48309178743961356,2023-04-17 15:00:00,2023-04-20 09:30:00,"[Buy/Sell: B, Ticker: O:F230428C00013000, OpenPrice: 0.1, PositionID: [Symbol: F, Strategy: most_actives, opendatetime: 2023-04-17 15:00]]","[Buy/Sell: S, Ticker: O:F230428C00013000, OpenPrice: 0.05, PositionID: [Symbol: F, Strategy: most_actives, opendatetime: 2023-04-17 15:00]]"
168,BUY/SELL,most_actives,max_time,O:NVDA230428C00270000,6.45,8.5,645.35,0.35,0.7,850.35,205.0,0.317657085302549,2023-04-17 15:00:00,2023-04-20 15:00:00,"[Buy/Sell: B, Ticker: O:NVDA230428C00270000, OpenPrice: 6.45, PositionID: [Symbol: NVDA, Strategy: most_actives, opendatetime: 2023-04-17 15:00]]","[Buy/Sell: S, Ticker: O:NVDA230428C00270000, OpenPrice: 8.5, PositionID: [Symbol: NVDA, Strategy: most_actives, opendatetime: 2023-04-17 15:00]]"
169,BUY/SELL,most_actives,max_loss,O:PLTR230428C00009000,0.22,0.06,22.35,0.35,0.7,6.35,-16.0,-0.7158836689038031,2023-04-17 15:00:00,2023-04-20 09:30:00,"[Buy/Sell: B, Ticker: O:PLTR230428C00009000, OpenPrice: 0.22, PositionID: [Symbol: PLTR, Strategy: most_actives, opendatetime: 2023-04-17 15:00]]","[Buy/Sell: S, Ticker: O:PLTR230428C00009000, OpenPrice: 0.06, PositionID: [Symbol: PLTR, Strategy: most_actives, opendatetime: 2023-04-17 15:00]]"
170,BUY/SELL,most_actives,max_loss,O:RIVN230428C00014000,0.54,0.32,54.35,0.35,0.7,32.35,-22.0,-0.40478380864765406,2023-04-17 15:00:00,2023-04-19 09:30:00,"[Buy/Sell: B, Ticker: O:RIVN230428C00014000, OpenPrice: 0.54, PositionID: [Symbol: RIVN, Strategy: most_actives, opendatetime: 2023-04-17 15:00]]","[Buy/Sell: S, Ticker: O:RIVN230428C00014000, OpenPrice: 0.32, PositionID: [Symbol: RIVN, Strategy: most_actives, opendatetime: 2023-04-17 15:00]]"
171,BUY/SELL,most_actives,max_time,O:KEY230428C00015000,0.05,0.05,5.35,0.35,0.7,5.35,0.0,0.0,2023-04-18 14:00:00,2023-04-20 09:30:00,"[Buy/Sell: B, Ticker: O:KEY230428C00015000, OpenPrice: 0.05, PositionID: [Symbol: KEY, Strategy: most_actives, opendatetime: 2023-04-18 14:00]]","[Buy/Sell: S, Ticker: O:KEY230428C00015000, OpenPrice: 0.05, PositionID: [Symbol: KEY, Strategy: most_actives, opendatetime: 2023-04-18 14:00]]"
172,BUY/SELL,most_actives,max_loss,O:XPEV230428C00011000,0.69,0.28,69.35,0.35,0.7,28.35,-40.99999999999999,-0.5912040374909877,2023-04-17 15:00:00,2023-04-19 09:30:00,"[Buy/Sell: B, Ticker: O:XPEV230428C00011000, OpenPrice: 0.69, PositionID: [Symbol: XPEV, Strategy: most_actives, opendatetime: 2023-04-17 15:00]]","[Buy/Sell: S, Ticker: O:XPEV230428C00011000, OpenPrice: 0.28, PositionID: [Symbol: XPEV, Strategy: most_actives, opendatetime: 2023-04-17 15:00]]"
173,BUY/SELL,most_actives,max_time,O:SOFI230428C00006000,0.18,0.13,18.35,0.35,0.7,13.35,-5.000000000000002,-0.27247956403269763,2023-04-17 15:00:00,2023-04-20 15:00:00,"[Buy/Sell: B, Ticker: O:SOFI230428C00006000, OpenPrice: 0.18, PositionID: [Symbol: SOFI, Strategy: most_actives, opendatetime: 2023-04-17 15:00]]","[Buy/Sell: S, Ticker: O:SOFI230428C00006000, OpenPrice: 0.13, PositionID: [Symbol: SOFI, Strategy: most_actives, opendatetime: 2023-04-17 15:00]]"
174,BUY/SELL,most_actives,max_time,O:AAL230428C00013000,0.52,0.65,52.35,0.35,0.7,65.35,12.999999999999993,0.24832855778414503,2023-04-17 15:00:00,2023-04-20 15:00:00,"[Buy/Sell: B, Ticker: O:AAL230428C00013000, OpenPrice: 0.52, PositionID: [Symbol: AAL, Strategy: most_actives, opendatetime: 2023-04-17 15:00]]","[Buy/Sell: S, Ticker: O:AAL230428C00013000, OpenPrice: 0.65, PositionID: [Symbol: AAL, Strategy: most_actives, opendatetime: 2023-04-17 15:00]]"
175,BUY/SELL,most_actives,max_loss,O:PLUG230428C00009000,0.71,0.41,71.35,0.35,0.7,41.35,-29.999999999999993,-0.42046250875963553,2023-04-17 15:00:00,2023-04-18 14:15:00,"[Buy/Sell: B, Ticker: O:PLUG230428C00009000, OpenPrice: 0.71, PositionID: [Symbol: PLUG, Strategy: most_actives, opendatetime: 2023-04-17 15:00]]","[Buy/Sell: S, Ticker: O:PLUG230428C00009000, OpenPrice: 0.41, PositionID: [Symbol: PLUG, Strategy: most_actives, opendatetime: 2023-04-17 15:00]]"
176,BUY/SELL,most_actives,profit_target,O:RIOT230428C00013000,0.92,1.39,92.35,0.35,0.7,139.35,47.0,0.5089334055224689,2023-04-17 15:00:00,2023-04-18 09:30:00,"[Buy/Sell: B, Ticker: O:RIOT230428C00013000, OpenPrice: 0.92, PositionID: [Symbol: RIOT, Strategy: most_actives, opendatetime: 2023-04-17 15:00]]","[Buy/Sell: S, Ticker: O:RIOT230428C00013000, OpenPrice: 1.39, PositionID: [Symbol: RIOT, Strategy: most_actives, opendatetime: 2023-04-17 15:00]]"
177,BUY/SELL,most_actives,max_time,O:INTC230428C00032000,1.16,0.64,116.35,0.35,0.7,64.35,-52.0,-0.446927374301676,2023-04-17 15:00:00,2023-04-20 15:00:00,"[Buy/Sell: B, Ticker: O:INTC230428C00032000, OpenPrice: 1.16, PositionID: [Symbol: INTC, Strategy: most_actives, opendatetime: 2023-04-17 15:00]]","[Buy/Sell: S, Ticker: O:INTC230428C00032000, OpenPrice: 0.64, PositionID: [Symbol: INTC, Strategy: most_actives, opendatetime: 2023-04-17 15:00]]"
178,BUY/SELL,most_actives,profit_target,O:FRC230428C00013000,1.6,2.1,160.35,0.35,0.7,210.35,50.0,0.3118178983473652,2023-04-17 15:00:00,2023-04-19 13:15:00,"[Buy/Sell: B, Ticker: O:FRC230428C00013000, OpenPrice: 1.6, PositionID: [Symbol: FRC, Strategy: most_actives, opendatetime: 2023-04-17 15:00]]","[Buy/Sell: S, Ticker: O:FRC230428C00013000, OpenPrice: 2.1, PositionID: [Symbol: FRC, Strategy: most_actives, opendatetime: 2023-04-17 15:00]]"
179,BUY/SELL,most_actives,max_time,O:WFC230428C00041000,0.76,1.1,76.35,0.35,0.7,110.35,34.0,0.4453176162409955,2023-04-17 15:00:00,2023-04-20 14:00:00,"[Buy/Sell: B, Ticker: O:WFC230428C00041000, OpenPrice: 0.76, PositionID: [Symbol: WFC, Strategy: most_actives, opendatetime: 2023-04-17 15:00]]","[Buy/Sell: S, Ticker: O:WFC230428C00041000, OpenPrice: 1.1, PositionID: [Symbol: WFC, Strategy: most_actives, opendatetime: 2023-04-17 15:00]]"
180,BUY/SELL,most_actives,max_loss,O:TSLA230428C00185000,10.05,1.06,1005.35,0.35,0.7,106.35,-899.0,-0.8942159446958771,2023-04-18 09:30:00,2023-04-20 09:30:00,"[Buy/Sell: B, Ticker: O:TSLA230428C00185000, OpenPrice: 10.05, PositionID: [Symbol: TSLA, Strategy: most_actives, opendatetime: 2023-04-18 09:30]]","[Buy/Sell: S, Ticker: O:TSLA230428C00185000, OpenPrice: 1.06, PositionID: [Symbol: TSLA, Strategy: most_actives, opendatetime: 2023-04-18 09:30]]"
181,BUY/SELL,most_actives,max_time,O:BAC230428C00030000,1.1,0.38,110.35,0.35,0.7,38.35,-72.0,-0.6524694154961487,2023-04-18 09:30:00,2023-04-20 15:45:00,"[Buy/Sell: B, Ticker: O:BAC230428C00030000, OpenPrice: 1.1, PositionID: [Symbol: BAC, Strategy: most_actives, opendatetime: 2023-04-18 09:30]]","[Buy/Sell: S, Ticker: O:BAC230428C00030000, OpenPrice: 0.38, PositionID: [Symbol: BAC, Strategy: most_actives, opendatetime: 2023-04-18 09:30]]"
182,BUY/SELL,most_actives,max_loss,O:NIO230428C00010000,0.31,0.15,31.35,0.35,0.7,15.35,-16.0,-0.5103668261562998,2023-04-18 09:30:00,2023-04-19 09:30:00,"[Buy/Sell: B, Ticker: O:NIO230428C00010000, OpenPrice: 0.31, PositionID: [Symbol: NIO, Strategy: most_actives, opendatetime: 2023-04-18 09:30]]","[Buy/Sell: S, Ticker: O:NIO230428C00010000, OpenPrice: 0.15, PositionID: [Symbol: NIO, Strategy: most_actives, opendatetime: 2023-04-18 09:30]]"
183,BUY/SELL,most_actives,profit_target,O:SCHW230428C00052000,1.65,3.66,165.35,0.35,0.7,366.35,201.00000000000003,1.2156032657998188,2023-04-18 09:30:00,2023-04-19 10:00:00,"[Buy/Sell: B, Ticker: O:SCHW230428C00052000, OpenPrice: 1.65, PositionID: [Symbol: SCHW, Strategy: most_actives, opendatetime: 2023-04-18 09:30]]","[Buy/Sell: S, Ticker: O:SCHW230428C00052000, OpenPrice: 3.66, PositionID: [Symbol: SCHW, Strategy: most_actives, opendatetime: 2023-04-18 09:30]]"
184,BUY/SELL,most_actives,max_time,O:AMD230428C00089000,4.25,2.65,425.35,0.35,0.7,265.35,-160.0,-0.37616080874573876,2023-04-18 09:30:00,2023-04-20 15:45:00,"[Buy/Sell: B, Ticker: O:AMD230428C00089000, OpenPrice: 4.25, PositionID: [Symbol: AMD, Strategy: most_actives, opendatetime: 2023-04-18 09:30]]","[Buy/Sell: S, Ticker: O:AMD230428C00089000, OpenPrice: 2.65, PositionID: [Symbol: AMD, Strategy: most_actives, opendatetime: 2023-04-18 09:30]]"
185,BUY/SELL,most_actives,max_time,O:CS230428C00001000,0.01,0.01,1.35,0.35,0.7,1.35,0.0,0.0,2023-04-18 09:30:00,2023-04-20 15:15:00,"[Buy/Sell: B, Ticker: O:CS230428C00001000, OpenPrice: 0.01, PositionID: [Symbol: CS, Strategy: most_actives, opendatetime: 2023-04-18 09:30]]","[Buy/Sell: S, Ticker: O:CS230428C00001000, OpenPrice: 0.01, PositionID: [Symbol: CS, Strategy: most_actives, opendatetime: 2023-04-18 09:30]]"
186,BUY/SELL,most_actives,max_time,O:GOOGL230428C00105000,4.2,3.25,420.35,0.35,0.7,325.35,-95.0,-0.2260021410729154,2023-04-18 09:30:00,2023-04-20 15:45:00,"[Buy/Sell: B, Ticker: O:GOOGL230428C00105000, OpenPrice: 4.2, PositionID: [Symbol: GOOGL, Strategy: most_actives, opendatetime: 2023-04-18 09:30]]","[Buy/Sell: S, Ticker: O:GOOGL230428C00105000, OpenPrice: 3.25, PositionID: [Symbol: GOOGL, Strategy: most_actives, opendatetime: 2023-04-18 09:30]]"
187,BUY/SELL,most_actives,max_time,O:KEY230428C00015000,0.05,0.05,5.35,0.35,0.7,5.35,0.0,0.0,2023-04-18 14:00:00,2023-04-20 09:30:00,"[Buy/Sell: B, Ticker: O:KEY230428C00015000, OpenPrice: 0.05, PositionID: [Symbol: KEY, Strategy: most_actives, opendatetime: 2023-04-18 14:00]]","[Buy/Sell: S, Ticker: O:KEY230428C00015000, OpenPrice: 0.05, PositionID: [Symbol: KEY, Strategy: most_actives, opendatetime: 2023-04-18 14:00]]"
188,BUY/SELL,most_actives,max_time,O:RBLX230428C00040000,1.66,1.82,166.35,0.35,0.7,182.35,16.0,0.09618274721971747,2023-04-18 09:30:00,2023-04-20 15:45:00,"[Buy/Sell: B, Ticker: O:RBLX230428C00040000, OpenPrice: 1.66, PositionID: [Symbol: RBLX, Strategy: most_actives, opendatetime: 2023-04-18 09:30]]","[Buy/Sell: S, Ticker: O:RBLX230428C00040000, OpenPrice: 1.82, PositionID: [Symbol: RBLX, Strategy: most_actives, opendatetime: 2023-04-18 09:30]]"
189,BUY/SELL,most_actives,max_time,O:AAPL230428C00165000,3.14,2.77,314.35,0.35,0.7,277.35,-37.0,-0.1177031970733259,2023-04-18 09:30:00,2023-04-20 15:45:00,"[Buy/Sell: B, Ticker: O:AAPL230428C00165000, OpenPrice: 3.14, PositionID: [Symbol: AAPL, Strategy: most_actives, opendatetime: 2023-04-18 09:30]]","[Buy/Sell: S, Ticker: O:AAPL230428C00165000, OpenPrice: 2.77, PositionID: [Symbol: AAPL, Strategy: most_actives, opendatetime: 2023-04-18 09:30]]"
190,BUY/SELL,most_actives,max_time,O:AMZN230428C00105000,3.55,3.2,355.35,0.35,0.7,320.35,-35.0,-0.09849444209933868,2023-04-18 09:30:00,2023-04-20 15:45:00,"[Buy/Sell: B, Ticker: O:AMZN230428C00105000, OpenPrice: 3.55, PositionID: [Symbol: AMZN, Strategy: most_actives, opendatetime: 2023-04-18 09:30]]","[Buy/Sell: S, Ticker: O:AMZN230428C00105000, OpenPrice: 3.2, PositionID: [Symbol: AMZN, Strategy: most_actives, opendatetime: 2023-04-18 09:30]]"
191,BUY/SELL,most_actives,max_loss,O:F230428C00013000,0.11,0.05,11.35,0.35,0.7,5.35,-6.0,-0.5286343612334802,2023-04-18 09:30:00,2023-04-20 09:30:00,"[Buy/Sell: B, Ticker: O:F230428C00013000, OpenPrice: 0.11, PositionID: [Symbol: F, Strategy: most_actives, opendatetime: 2023-04-18 09:30]]","[Buy/Sell: S, Ticker: O:F230428C00013000, OpenPrice: 0.05, PositionID: [Symbol: F, Strategy: most_actives, opendatetime: 2023-04-18 09:30]]"
192,BUY/SELL,most_actives,profit_target,O:NVDA230428C00265000,14.93,17.67,1493.35,0.35,0.7,1767.35,274.0,0.18348009508822447,2023-04-18 09:30:00,2023-04-18 09:45:00,"[Buy/Sell: B, Ticker: O:NVDA230428C00265000, OpenPrice: 14.93, PositionID: [Symbol: NVDA, Strategy: most_actives, opendatetime: 2023-04-18 09:30]]","[Buy/Sell: S, Ticker: O:NVDA230428C00265000, OpenPrice: 17.67, PositionID: [Symbol: NVDA, Strategy: most_actives, opendatetime: 2023-04-18 09:30]]"
193,BUY/SELL,most_actives,max_time,O:GOOG230428C00110000,2.2,1.49,220.35,0.35,0.7,149.35,-71.0,-0.32221465849784436,2023-04-18 09:30:00,2023-04-20 15:45:00,"[Buy/Sell: B, Ticker: O:GOOG230428C00110000, OpenPrice: 2.2, PositionID: [Symbol: GOOG, Strategy: most_actives, opendatetime: 2023-04-18 09:30]]","[Buy/Sell: S, Ticker: O:GOOG230428C00110000, OpenPrice: 1.49, PositionID: [Symbol: GOOG, Strategy: most_actives, opendatetime: 2023-04-18 09:30]]"
194,BUY/SELL,most_actives,max_loss,O:PLTR230428C00009000,0.24,0.06,24.35,0.35,0.7,6.35,-18.0,-0.7392197125256673,2023-04-18 09:30:00,2023-04-20 09:30:00,"[Buy/Sell: B, Ticker: O:PLTR230428C00009000, OpenPrice: 0.24, PositionID: [Symbol: PLTR, Strategy: most_actives, opendatetime: 2023-04-18 09:30]]","[Buy/Sell: S, Ticker: O:PLTR230428C00009000, OpenPrice: 0.06, PositionID: [Symbol: PLTR, Strategy: most_actives, opendatetime: 2023-04-18 09:30]]"
195,BUY/SELL,most_actives,max_time,O:SOFI230428C00006000,0.22,0.14,22.35,0.35,0.7,14.35,-8.000000000000002,-0.35794183445190164,2023-04-18 09:30:00,2023-04-20 15:45:00,"[Buy/Sell: B, Ticker: O:SOFI230428C00006000, OpenPrice: 0.22, PositionID: [Symbol: SOFI, Strategy: most_actives, opendatetime: 2023-04-18 09:30]]","[Buy/Sell: S, Ticker: O:SOFI230428C00006000, OpenPrice: 0.14, PositionID: [Symbol: SOFI, Strategy: most_actives, opendatetime: 2023-04-18 09:30]]"
196,BUY/SELL,most_actives,max_loss,O:PLUG230428C00009000,0.55,0.44,55.35,0.35,0.7,44.35,-11.0,-0.1987353206865402,2023-04-18 09:30:00,2023-04-18 13:30:00,"[Buy/Sell: B, Ticker: O:PLUG230428C00009000, OpenPrice: 0.55, PositionID: [Symbol: PLUG, Strategy: most_actives, opendatetime: 2023-04-18 09:30]]","[Buy/Sell: S, Ticker: O:PLUG230428C00009000, OpenPrice: 0.44, PositionID: [Symbol: PLUG, Strategy: most_actives, opendatetime: 2023-04-18 09:30]]"
197,BUY/SELL,most_actives,max_loss,O:RIVN230428C00014000,0.52,0.32,52.35,0.35,0.7,32.35,-20.0,-0.38204393505253104,2023-04-18 09:30:00,2023-04-19 09:30:00,"[Buy/Sell: B, Ticker: O:RIVN230428C00014000, OpenPrice: 0.52, PositionID: [Symbol: RIVN, Strategy: most_actives, opendatetime: 2023-04-18 09:30]]","[Buy/Sell: S, Ticker: O:RIVN230428C00014000, OpenPrice: 0.32, PositionID: [Symbol: RIVN, Strategy: most_actives, opendatetime: 2023-04-18 09:30]]"
198,BUY/SELL,most_actives,max_time,O:AAL230428C00013000,0.55,0.59,55.35,0.35,0.7,59.35,4.0,0.07226738934056007,2023-04-18 09:30:00,2023-04-20 15:45:00,"[Buy/Sell: B, Ticker: O:AAL230428C00013000, OpenPrice: 0.55, PositionID: [Symbol: AAL, Strategy: most_actives, opendatetime: 2023-04-18 09:30]]","[Buy/Sell: S, Ticker: O:AAL230428C00013000, OpenPrice: 0.59, PositionID: [Symbol: AAL, Strategy: most_actives, opendatetime: 2023-04-18 09:30]]"
199,BUY/SELL,most_actives,max_time,O:INTC230428C00032000,1.35,0.59,135.35,0.35,0.7,59.35,-76.0,-0.5615072035463613,2023-04-18 09:30:00,2023-04-20 15:45:00,"[Buy/Sell: B, Ticker: O:INTC230428C00032000, OpenPrice: 1.35, PositionID: [Symbol: INTC, Strategy: most_actives, opendatetime: 2023-04-18 09:30]]","[Buy/Sell: S, Ticker: O:INTC230428C00032000, OpenPrice: 0.59, PositionID: [Symbol: INTC, Strategy: most_actives, opendatetime: 2023-04-18 09:30]]"
200,BUY/SELL,most_actives,max_time,O:WFC230428C00041000,0.85,1.1,85.35,0.35,0.7,110.35,25.0,0.29291154071470415,2023-04-18 09:30:00,2023-04-20 14:00:00,"[Buy/Sell: B, Ticker: O:WFC230428C00041000, OpenPrice: 0.85, PositionID: [Symbol: WFC, Strategy: most_actives, opendatetime: 2023-04-18 09:30]]","[Buy/Sell: S, Ticker: O:WFC230428C00041000, OpenPrice: 1.1, PositionID: [Symbol: WFC, Strategy: most_actives, opendatetime: 2023-04-18 09:30]]"
201,BUY/SELL,most_actives,max_loss,O:XPEV230428C00011000,0.63,0.28,63.35,0.35,0.7,28.35,-35.0,-0.5524861878453039,2023-04-18 09:30:00,2023-04-19 09:30:00,"[Buy/Sell: B, Ticker: O:XPEV230428C00011000, OpenPrice: 0.63, PositionID: [Symbol: XPEV, Strategy: most_actives, opendatetime: 2023-04-18 09:30]]","[Buy/Sell: S, Ticker: O:XPEV230428C00011000, OpenPrice: 0.28, PositionID: [Symbol: XPEV, Strategy: most_actives, opendatetime: 2023-04-18 09:30]]"
202,BUY/SELL,most_actives,max_time,O:CCL230428C00010000,0.22,0.07,22.35,0.35,0.7,7.35,-15.000000000000002,-0.6711409395973155,2023-04-18 09:30:00,2023-04-20 15:45:00,"[Buy/Sell: B, Ticker: O:CCL230428C00010000, OpenPrice: 0.22, PositionID: [Symbol: CCL, Strategy: most_actives, opendatetime: 2023-04-18 09:30]]","[Buy/Sell: S, Ticker: O:CCL230428C00010000, OpenPrice: 0.07, PositionID: [Symbol: CCL, Strategy: most_actives, opendatetime: 2023-04-18 09:30]]"
